1787596066394	geckodriver	INFO	Listening on 127.0.0.1:37043
1787596066658	webdriver::server	DEBUG	-> POST /session {"capabilities": {"firstMatch": [{}], "alwaysMatch": {"browserName": "firefox", "acceptInsecureCerts": true, ... le-generator/auto-datfile-generator", "browser.helperApps.neverAsk.saveToDisk": "application/zip"}, "args": ["-headless"]}}}}
1787596066707	geckodriver::capabilities	DEBUG	Trying to read firefox version from ini files
1787596067010	geckodriver::capabilities	DEBUG	Found version 153.0.4
1787596067017	mozrunner::runner	INFO	Running command: MOZ_CRASHREPORTER="1" MOZ_CRASHREPORTER_NO_REPORT="1" MOZ_CRASHREPORTER_SHUTDOWN="1" "/usr/bin/firefox" "--m ... ss" "--remote-debugging-port" "50755" "--remote-allow-hosts" "localhost" "-no-remote" "-profile" "/tmp/rust_mozprofileGpbelV"
1787596067017	geckodriver::marionette	DEBUG	Waiting 60s to connect to browser on 127.0.0.1
*** You are running in headless mode.
1787596074301	RemoteAgent	DEBUG	Setting recommended pref apz.axis_lock.mode to 0
1787596074301	RemoteAgent	DEBUG	Setting recommended pref apz.content_response_timeout to 60000
1787596074301	RemoteAgent	DEBUG	Setting recommended pref browser.backup.enabled to false
1787596074301	RemoteAgent	DEBUG	Setting recommended pref browser.contentblocking.introCount to 99
1787596074302	RemoteAgent	DEBUG	Setting recommended pref browser.discovery.enabled to false
1787596074302	RemoteAgent	DEBUG	Setting recommended pref browser.download.panel.shown to true
1787596074302	RemoteAgent	DEBUG	Setting recommended pref browser.http.blank_page_with_error_response.enabled to true
1787596074302	RemoteAgent	DEBUG	Setting recommended pref browser.ml.enable to false
1787596074302	RemoteAgent	DEBUG	Setting recommended pref browser.newtabpage.activity-stream.asrouter.userprefs.cfr.features to false
1787596074302	RemoteAgent	DEBUG	Setting recommended pref browser.newtabpage.activity-stream.testing.shouldInitializeFeeds to false
1787596074302	RemoteAgent	DEBUG	Setting recommended pref browser.newtabpage.activity-stream.showSponsoredTopSites to false
1787596074302	RemoteAgent	DEBUG	Setting recommended pref browser.pagethumbnails.capturing_disabled to true
1787596074302	RemoteAgent	DEBUG	Setting recommended pref browser.region.network.url to 
1787596074302	RemoteAgent	DEBUG	Setting recommended pref browser.safebrowsing.blockedURIs.enabled to false
1787596074302	RemoteAgent	DEBUG	Setting recommended pref browser.safebrowsing.downloads.enabled to false
1787596074302	RemoteAgent	DEBUG	Setting recommended pref browser.safebrowsing.malware.enabled to false
1787596074302	RemoteAgent	DEBUG	Setting recommended pref browser.safebrowsing.phishing.enabled to false
1787596074302	RemoteAgent	DEBUG	Setting recommended pref browser.search.update to false
1787596074302	RemoteAgent	DEBUG	Setting recommended pref browser.startup.couldRestoreSession.count to -1
1787596074302	RemoteAgent	DEBUG	Setting recommended pref browser.tabs.remote.unloadDelayMs to 0
1787596074302	RemoteAgent	DEBUG	Setting recommended pref browser.tabs.unloadOnLowMemory to false
1787596074302	RemoteAgent	DEBUG	Setting recommended pref browser.tabs.warnOnClose to false
1787596074302	RemoteAgent	DEBUG	Setting recommended pref browser.tabs.warnOnCloseOtherTabs to false
1787596074302	RemoteAgent	DEBUG	Setting recommended pref browser.tabs.warnOnOpen to false
1787596074302	RemoteAgent	DEBUG	Setting recommended pref browser.toolbars.bookmarks.visibility to never
1787596074302	RemoteAgent	DEBUG	Setting recommended pref browser.topsites.contile.enabled to false
1787596074302	RemoteAgent	DEBUG	Setting recommended pref browser.translations.enable to false
1787596074318	RemoteAgent	DEBUG	Setting recommended pref browser.usedOnWindows10.introURL to 
1787596074318	RemoteAgent	DEBUG	Setting recommended pref browser.urlbar.merino.endpointURL to 
1787596074318	RemoteAgent	DEBUG	Setting recommended pref browser.urlbar.merino.ohttpConfigURL to 
1787596074318	RemoteAgent	DEBUG	Setting recommended pref browser.urlbar.merino.ohttpRelayURL to 
1787596074318	RemoteAgent	DEBUG	Setting recommended pref browser.urlbar.suggest.searches to false
1787596074318	RemoteAgent	DEBUG	Setting recommended pref datareporting.policy.dataSubmissionPolicyAccepted to false
1787596074318	RemoteAgent	DEBUG	Setting recommended pref datareporting.usage.uploadEnabled to false
1787596074319	RemoteAgent	DEBUG	Setting recommended pref telemetry.fog.test.localhost_port to -1
1787596074319	RemoteAgent	DEBUG	Setting recommended pref dom.disable_open_during_load to false
1787596074319	RemoteAgent	DEBUG	Setting recommended pref dom.file.createInChild to true
1787596074319	RemoteAgent	DEBUG	Setting recommended pref dom.input_events.security.minNumTicks to 0
1787596074319	RemoteAgent	DEBUG	Setting recommended pref dom.input_events.security.minTimeElapsedInMS to 0
1787596074319	RemoteAgent	DEBUG	Setting recommended pref threads.lower_mainthread_priority_in_background.enabled to false
1787596074319	RemoteAgent	DEBUG	Setting recommended pref dom.ipc.processPriorityManager.enabled to false
1787596074319	RemoteAgent	DEBUG	Setting recommended pref dom.max_chrome_script_run_time to 0
1787596074319	RemoteAgent	DEBUG	Setting recommended pref dom.max_script_run_time to 0
1787596074319	RemoteAgent	DEBUG	Setting recommended pref dom.navigation.navigationRateLimit.count to 0
1787596074319	RemoteAgent	DEBUG	Setting recommended pref dom.permissions.testing.enabled to true
1787596074319	RemoteAgent	DEBUG	Setting recommended pref dom.push.connection.enabled to false
1787596074319	RemoteAgent	DEBUG	Setting recommended pref dom.screenorientation.allow-lock to true
1787596074319	RemoteAgent	DEBUG	Setting recommended pref dom.successive_dialog_time_limit to 0
1787596074319	RemoteAgent	DEBUG	Setting recommended pref extensions.formautofill.addresses.enabled to false
1787596074319	RemoteAgent	DEBUG	Setting recommended pref extensions.formautofill.creditCards.enabled to false
1787596074319	RemoteAgent	DEBUG	Setting recommended pref extensions.getAddons.cache.enabled to false
1787596074319	RemoteAgent	DEBUG	Setting recommended pref extensions.getAddons.discovery.api_url to data:, 
1787596074319	RemoteAgent	DEBUG	Setting recommended pref extensions.blocklist.detailsURL to http://%(server)s/extensions-dummy/blocklistDetailsURL
1787596074319	RemoteAgent	DEBUG	Setting recommended pref extensions.blocklist.itemURL to http://%(server)s/extensions-dummy/blocklistItemURL
1787596074319	RemoteAgent	DEBUG	Setting recommended pref extensions.hotfix.url to http://%(server)s/extensions-dummy/hotfixURL
1787596074319	RemoteAgent	DEBUG	Setting recommended pref extensions.systemAddon.update.enabled to false
1787596074319	RemoteAgent	DEBUG	Setting recommended pref extensions.update.background.url to http://%(server)s/extensions-dummy/updateBackgroundURL
1787596074319	RemoteAgent	DEBUG	Setting recommended pref extensions.update.url to http://%(server)s/extensions-dummy/updateURL
1787596074319	RemoteAgent	DEBUG	Setting recommended pref extensions.getAddons.get.url to http://%(server)s/extensions-dummy/repositoryGetURL
1787596074319	RemoteAgent	DEBUG	Setting recommended pref extensions.getAddons.search.browseURL to http://%(server)s/extensions-dummy/repositoryBrowseURL
1787596074319	RemoteAgent	DEBUG	Setting recommended pref geo.prompt.open_system_prefs to false
1787596074319	RemoteAgent	DEBUG	Setting recommended pref geo.provider.network.url to 
1787596074319	RemoteAgent	DEBUG	Setting recommended pref identity.fxaccounts.auth.uri to https://{server}/dummy/fxa
1787596074319	RemoteAgent	DEBUG	Setting recommended pref mousewheel.allow_scrolling_more_than_one_page to true
1787596074319	RemoteAgent	DEBUG	Setting recommended pref network.captive-portal-service.enabled to false
1787596074319	RemoteAgent	DEBUG	Setting recommended pref network.connectivity-service.enabled to false
1787596074319	RemoteAgent	DEBUG	Setting recommended pref network.http.prompt-temp-redirect to false
1787596074319	RemoteAgent	DEBUG	Setting recommended pref places.semanticHistory.featureGate to false
1787596074319	RemoteAgent	DEBUG	Setting recommended pref privacy.trackingprotection.enabled to false
1787596074319	RemoteAgent	DEBUG	Setting recommended pref privacy.trackingprotection.pbmode.enabled to false
1787596074319	RemoteAgent	DEBUG	Setting recommended pref remote.prefs.recommended.applied to true
1787596074319	RemoteAgent	DEBUG	Setting recommended pref security.fileuri.strict_origin_policy to false
1787596074319	RemoteAgent	DEBUG	Setting recommended pref security.notification_enable_delay to 0
1787596074320	RemoteAgent	DEBUG	Setting recommended pref security.remote_settings.intermediates.enabled to false
1787596074320	RemoteAgent	DEBUG	Setting recommended pref security.webauthn.related_origin_requests_mode to 1
1787596074320	RemoteAgent	DEBUG	Setting recommended pref services.settings.loglevel to off
1787596074320	RemoteAgent	DEBUG	Setting recommended pref signon.autofillForms to false
1787596074320	RemoteAgent	DEBUG	Setting recommended pref signon.management.page.breach-alerts.enabled to false
1787596074320	RemoteAgent	DEBUG	Setting recommended pref signon.management.page.vulnerable-passwords.enabled to false
1787596074320	RemoteAgent	DEBUG	Setting recommended pref signon.rememberSignons to false
1787596074320	RemoteAgent	DEBUG	Setting recommended pref termsofuse.bypassNotification to true
1787596074320	RemoteAgent	DEBUG	Setting recommended pref toolkit.telemetry.server to https://%(server)s/telemetry-dummy/
1787596074320	RemoteAgent	DEBUG	Setting recommended pref widget.windows.window_occlusion_tracking.enabled to false
1787596074336	RemoteAgent	DEBUG	WebDriver BiDi enabled
1787596074336	Marionette	INFO	Marionette enabled
1787596076049	Marionette	INFO	Listening on port 42007
1787596076051	Marionette	DEBUG	Marionette is listening
1787596076083	RemoteAgent	DEBUG	Setting recommended pref permissions.isolateBy.userContext to true
WebDriver BiDi listening on ws://127.0.0.1:50755
Read port: 42007
1787596076324	Marionette	DEBUG	Accepted connection 0 from 127.0.0.1:46516
1787596076344	geckodriver::marionette	DEBUG	Connection to Marionette established on 127.0.0.1:42007.
1787596076454	Marionette	DEBUG	0 -> [0,1,"WebDriver:NewSession",{"acceptInsecureCerts":true,"browserName":"firefox","pageLoadStrategy":"normal"}]
1787596076456	RemoteAgent	WARN	TLS certificate errors will be ignored for this session
1787596076758	Marionette	DEBUG	Waiting for initial application window
[GFX1-]: RenderCompositorSWGL failed mapping default framebuffer, no dt
1787596084255	Marionette	DEBUG	0 <- [1,1,null,{"sessionId":"00eb2211-cd53-4ced-a3df-03ca6a76d68e","capabilities":{"acceptInsecureCerts":true,"browserName":"firefox","browserVersion":"153.0.4","platformName":"linux","setWindowRect":true,"unhandledPromptBehavior":"dismiss and notify","userAgent":"Mozilla/5.0 (X11; Linux x86_64; rv:153.0) Gecko/20100101 Firefox/153.0","moz:buildID":"20260810162159","moz:headless":true,"moz:platformVersion":"6.17.0-1022-azure","moz:processID":2317,"moz:profile":"/tmp/rust_mozprofileGpbelV","moz:shutdownTimeout":60000,"pageLoadStrategy":"normal","timeouts":{"implicit":0,"pageLoad":300000,"script":30000},"strictFileInteractability":false,"moz:accessibilityChecks":false,"moz:webdriverClick":true,"moz:windowless":false,"proxy":{}}}]
1787596084260	webdriver::server	DEBUG	<- 200 OK {"value":{"sessionId":"00eb2211-cd53-4ced-a3df-03ca6a76d68e","capabilities":{"acceptInsecureCerts":true,"browserNam ... dPromptBehavior":"dismiss and notify","userAgent":"Mozilla/5.0 (X11; Linux x86_64; rv:153.0) Gecko/20100101 Firefox/153.0"}}}
console.warn: RSLoader: Recipe train-hop-co-enroll-pilot-to-beta-co-enrollment-1 not returned from collection nimbus-secure-experiments because it does not contain at least one required feature ID.
console.error: "Experiment desktop-release-rollout-show-relay-to-all-browsers-next-sign-up-modal-cta has unknown featureId: email-autocomplete-relay"
console.error: "Experiment visual-card-updates has unknown featureId: newtabRefinedCardsLayout"
console.error: "Experiment enable-nimbus-unenrollment-synchronization has unknown featureId: nimbusStore"
1787596084364	webdriver::server	DEBUG	-> POST /session/00eb2211-cd53-4ced-a3df-03ca6a76d68e/timeouts {"implicit": 10000}
1787596084368	Marionette	DEBUG	0 -> [0,2,"WebDriver:SetTimeouts",{"implicit":10000}]
1787596084368	Marionette	DEBUG	0 <- [1,2,null,{"value":null}]
1787596084371	webdriver::server	DEBUG	<- 200 OK {"value":null}
1787596084372	webdriver::server	DEBUG	-> POST /session/00eb2211-cd53-4ced-a3df-03ca6a76d68e/url {"url": "https://datomatic.no-intro.org"}
1787596084381	Marionette	DEBUG	0 -> [0,3,"WebDriver:Navigate",{"url":"https://datomatic.no-intro.org"}]
console.error: "Experiment private-window-visual-refresh-design-change-only has unknown featureId: feltPrivacy"
1787596088209	Marionette	DEBUG	0 <- [1,3,null,{"value":null}]
1787596088210	webdriver::server	DEBUG	<- 200 OK {"value":null}
1787596088211	webdriver::server	DEBUG	-> POST /session/00eb2211-cd53-4ced-a3df-03ca6a76d68e/element {"using": "xpath", "value": "/html/body/div/header/nav/ul/li[3]/a"}
1787596088212	Marionette	DEBUG	0 -> [0,4,"WebDriver:FindElement",{"using":"xpath","value":"/html/body/div/header/nav/ul/li[3]/a"}]
1787596088314	Marionette	DEBUG	0 <- [1,4,null,{"value":{"element-6066-11e4-a52e-4f735466cecf":"949fc735-09aa-440c-8372-3cfa7766e25a"}}]
1787596088314	webdriver::server	DEBUG	<- 200 OK {"value":{"element-6066-11e4-a52e-4f735466cecf":"949fc735-09aa-440c-8372-3cfa7766e25a"}}
1787596088315	webdriver::server	DEBUG	-> POST /session/00eb2211-cd53-4ced-a3df-03ca6a76d68e/element/949fc735-09aa-440c-8372-3cfa7766e25a/click {}
1787596088315	Marionette	DEBUG	0 -> [0,5,"WebDriver:ElementClick",{"id":"949fc735-09aa-440c-8372-3cfa7766e25a"}]
console.warn: LoginRecipes: "Falling back to a synchronous message for: https://datomatic.no-intro.org."
console.warn: LoginRecipes: "Falling back to a synchronous message for: https://datomatic.no-intro.org."
console.warn: LoginRecipes: "Falling back to a synchronous message for: https://datomatic.no-intro.org."
1787596090477	Marionette	DEBUG	0 <- [1,5,null,{"value":null}]
1787596090481	webdriver::server	DEBUG	<- 200 OK {"value":null}
1787596090482	webdriver::server	DEBUG	-> POST /session/00eb2211-cd53-4ced-a3df-03ca6a76d68e/element {"using": "xpath", "value": "/html/body/div/header/table/tbody/tr/td/a[5]"}
1787596090484	Marionette	DEBUG	0 -> [0,6,"WebDriver:FindElement",{"using":"xpath","value":"/html/body/div/header/table/tbody/tr/td/a[5]"}]
1787596090486	Marionette	DEBUG	0 <- [1,6,null,{"value":{"element-6066-11e4-a52e-4f735466cecf":"fc9597d3-ea19-4b94-a1a1-226f03422d18"}}]
1787596090487	webdriver::server	DEBUG	<- 200 OK {"value":{"element-6066-11e4-a52e-4f735466cecf":"fc9597d3-ea19-4b94-a1a1-226f03422d18"}}
1787596090488	webdriver::server	DEBUG	-> POST /session/00eb2211-cd53-4ced-a3df-03ca6a76d68e/element/fc9597d3-ea19-4b94-a1a1-226f03422d18/click {}
1787596090488	Marionette	DEBUG	0 -> [0,7,"WebDriver:ElementClick",{"id":"fc9597d3-ea19-4b94-a1a1-226f03422d18"}]
console.warn: LoginRecipes: "Falling back to a synchronous message for: https://datomatic.no-intro.org."
console.warn: LoginRecipes: "Falling back to a synchronous message for: https://datomatic.no-intro.org."
1787596091971	Marionette	DEBUG	0 <- [1,7,null,{"value":null}]
1787596091973	webdriver::server	DEBUG	<- 200 OK {"value":null}
1787596091974	webdriver::server	DEBUG	-> POST /session/00eb2211-cd53-4ced-a3df-03ca6a76d68e/element {"using": "xpath", "value": "//input[@name='dat_type' and @value='dat']"}
1787596091979	Marionette	DEBUG	0 -> [0,8,"WebDriver:FindElement",{"using":"xpath","value":"//input[@name='dat_type' and @value='dat']"}]
1787596091980	Marionette	DEBUG	0 <- [1,8,null,{"value":{"element-6066-11e4-a52e-4f735466cecf":"c485e597-cf92-40df-a6a9-7f701bf0c41a"}}]
1787596091981	webdriver::server	DEBUG	<- 200 OK {"value":{"element-6066-11e4-a52e-4f735466cecf":"c485e597-cf92-40df-a6a9-7f701bf0c41a"}}
1787596091981	webdriver::server	DEBUG	-> POST /session/00eb2211-cd53-4ced-a3df-03ca6a76d68e/element/c485e597-cf92-40df-a6a9-7f701bf0c41a/click {}
1787596091982	Marionette	DEBUG	0 -> [0,9,"WebDriver:ElementClick",{"id":"c485e597-cf92-40df-a6a9-7f701bf0c41a"}]
1787596092037	Marionette	DEBUG	0 <- [1,9,null,{"value":null}]
1787596092037	webdriver::server	DEBUG	<- 200 OK {"value":null}
1787596092038	webdriver::server	DEBUG	-> POST /session/00eb2211-cd53-4ced-a3df-03ca6a76d68e/element {"using": "xpath", "value": "/html/body/div/section/article/div/form/input[7]"}
1787596092038	Marionette	DEBUG	0 -> [0,10,"WebDriver:FindElement",{"using":"xpath","value":"/html/body/div/section/article/div/form/input[7]"}]
1787596092039	Marionette	DEBUG	0 <- [1,10,null,{"value":{"element-6066-11e4-a52e-4f735466cecf":"bd1937e8-7966-4712-ad4b-3166b4420320"}}]
1787596092064	webdriver::server	DEBUG	<- 200 OK {"value":{"element-6066-11e4-a52e-4f735466cecf":"bd1937e8-7966-4712-ad4b-3166b4420320"}}
1787596092065	webdriver::server	DEBUG	-> POST /session/00eb2211-cd53-4ced-a3df-03ca6a76d68e/element/bd1937e8-7966-4712-ad4b-3166b4420320/click {}
1787596092065	Marionette	DEBUG	0 -> [0,11,"WebDriver:ElementClick",{"id":"bd1937e8-7966-4712-ad4b-3166b4420320"}]
console.warn: LoginRecipes: "Falling back to a synchronous message for: https://datomatic.no-intro.org."
console.warn: LoginRecipes: "Falling back to a synchronous message for: https://datomatic.no-intro.org."
console.warn: LoginRecipes: "Falling back to a synchronous message for: https://datomatic.no-intro.org."
console.warn: LoginRecipes: "Falling back to a synchronous message for: https://datomatic.no-intro.org."
console.warn: BackupService: "There was an error while trying to get the Document's directory" [Exception... "Component returned failure code: 0x80004005 (NS_ERROR_FAILURE) [nsIProperties.get]"  nsresult: "0x80004005 (NS_ERROR_FAILURE)"  location: "JS frame :: resource:///modules/backup/BackupService.sys.mjs :: get docsDirFolderPath :: line 1299"  data: no]
JavaScript error: resource:///modules/backup/BackupService.sys.mjs, line 4380: NotAllowedError: PathUtils.join: PathUtils does not support empty paths
1787596094911	Marionette	DEBUG	0 <- [1,11,null,{"value":null}]
1787596094913	webdriver::server	DEBUG	<- 200 OK {"value":null}
1787596099914	webdriver::server	DEBUG	-> POST /session/00eb2211-cd53-4ced-a3df-03ca6a76d68e/element {"using": "xpath", "value": "/html/body/div/section/article/div/form[2]/input"}
1787596099915	Marionette	DEBUG	0 -> [0,12,"WebDriver:FindElement",{"using":"xpath","value":"/html/body/div/section/article/div/form[2]/input"}]
1787596099917	Marionette	DEBUG	0 <- [1,12,null,{"value":{"element-6066-11e4-a52e-4f735466cecf":"e6fbbb8e-d194-4379-9465-8595500d7841"}}]
1787596099918	webdriver::server	DEBUG	<- 200 OK {"value":{"element-6066-11e4-a52e-4f735466cecf":"e6fbbb8e-d194-4379-9465-8595500d7841"}}
1787596099919	webdriver::server	DEBUG	-> POST /session/00eb2211-cd53-4ced-a3df-03ca6a76d68e/element/e6fbbb8e-d194-4379-9465-8595500d7841/click {}
1787596099919	Marionette	DEBUG	0 -> [0,13,"WebDriver:ElementClick",{"id":"e6fbbb8e-d194-4379-9465-8595500d7841"}]
console.warn: LoginRecipes: "Falling back to a synchronous message for: https://datomatic.no-intro.org."
console.warn: LoginRecipes: "Falling back to a synchronous message for: https://datomatic.no-intro.org."
console.warn: LoginRecipes: "Falling back to a synchronous message for: https://datomatic.no-intro.org."
console.warn: LoginRecipes: "Falling back to a synchronous message for: https://datomatic.no-intro.org."
[Parent 2317, Main Thread] WARNING: g_object_get: assertion 'G_IS_OBJECT (object)' failed: 'glib warning', file toolkit/xre/nsSigHandlers.cpp:200

(firefox:2317): GLib-GObject-CRITICAL **: 18:28:24.487: g_object_get: assertion 'G_IS_OBJECT (object)' failed
1787596105108	Marionette	DEBUG	0 <- [1,13,null,{"value":null}]
1787596105108	webdriver::server	DEBUG	<- 200 OK {"value":null}
1787596105111	webdriver::server	DEBUG	-> DELETE /session/00eb2211-cd53-4ced-a3df-03ca6a76d68e 
1787596105111	Marionette	DEBUG	0 -> [0,14,"Marionette:Quit",{"flags":["eForceQuit"]}]
1787596105112	Marionette	INFO	Stopped listening on port 42007
1787596105441	Marionette	DEBUG	0 <- [1,14,null,{"cause":"shutdown","forced":false,"in_app":true}]
1787596105458	webdriver::server	DEBUG	Teardown session
1787596105461	Marionette	DEBUG	Closed connection 0
1787596105590	Marionette	DEBUG	Marionette stopped listening
console.error: RemoteSecuritySettings: 
  failed to download CRLite filter
Object
  - prototype Object
    - columnNumber = 11
    - data = null
    - filename = resource://gre/modules/ServiceRequest.sys.mjs
    - lineNumber = 126
    - location = {"name":"open","filename":"resource://gre/modules/ServiceRequest.sys.mjs","sourceId":25,"lineNumber":126,"columnNumber":11,"asyncCause":null,"asyncCaller":null,"caller":{"filename":"resource://services-settings/Utils.sys.mjs","name":"fetch/<","sourceId":24,"lineNumber":287,"columnNumber":15,"asyncCause":null,"asyncCaller":null,"caller":{"filename":"resource://services-settings/Utils.sys.mjs","name":"fetch","sourceId":24,"lineNumber":238,"columnNumber":12,"asyncCause":null,"asyncCaller":null,"caller":{"filename":"resource://services-settings/Attachments.sys.mjs","name":"_fetchAttachment","sourceId":23,"lineNumber":560,"columnNumber":35,"asyncCause":null,"asyncCaller":null,"caller":{"filename":"resource://services-settings/Attachments.sys.mjs","name":"downloadAsBytes","sourceId":23,"lineNumber":537,"columnNumber":35,"asyncCause":null,"asyncCaller":null,"caller":{"filename":"resource://gre/modules/AsyncShutdown.sys.mjs","name":"observe","sourceId":12,"lineNumber":587,"columnNumber":17,"asyncCause":null,"asyncCaller":null,"caller":null,"formattedStack":"observe@resource://gre/modules/AsyncShutdown.sys.mjs:587:17\n","nativeSavedFrame":{}},"formattedStack":"downloadAsBytes@resource://services-settings/Attachments.sys.mjs:537:35\nobserve@resource://gre/modules/AsyncShutdown.sys.mjs:587:17\n","nativeSavedFrame":{}},"formattedStack":"_fetchAttachment@resource://services-settings/Attachments.sys.mjs:560:35\ndownloadAsBytes@resource://services-settings/Attachments.sys.mjs:537:35\nobserve@resource://gre/modules/AsyncShutdown.sys.mjs:587:17\n","nativeSavedFrame":{}},"formattedStack":"fetch@resource://services-settings/Utils.sys.mjs:238:12\n_fetchAttachment@resource://services-settings/Attachments.sys.mjs:560:35\ndownloadAsBytes@resource://services-settings/Attachments.sys.mjs:537:35\nobserve@resource://gre/modules/AsyncShutdown.sys.mjs:587:17\n","nativeSavedFrame":{}},"formattedStack":"fetch/<@resource://services-settings/Utils.sys.mjs:287:15\nfetch@resource://services-settings/Utils.sys.mjs:238:12\n_fetchAttachment@resource://services-settings/Attachments.sys.mjs:560:35\ndownloadAsBytes@resource://services-settings/Attachments.sys.mjs:537:35\nobserve@resource://gre/modules/AsyncShutdown.sys.mjs:587:17\n","nativeSavedFrame":{}},"formattedStack":"open@resource://gre/modules/ServiceRequest.sys.mjs:126:11\nfetch/<@resource://services-settings/Utils.sys.mjs:287:15\nfetch@resource://services-settings/Utils.sys.mjs:238:12\n_fetchAttachment@resource://services-settings/Attachments.sys.mjs:560:35\ndownloadAsBytes@resource://services-settings/Attachments.sys.mjs:537:35\nobserve@resource://gre/modules/AsyncShutdown.sys.mjs:587:17\n","nativeSavedFrame":{}}
    - message = 
    - name = 
    - result = 2152071198
    - stack = open@resource://gre/modules/ServiceRequest.sys.mjs:126:11|fetch/<@resource://services-settings/Utils.sys.mjs:287:15|fetch@resource://services-settings/Utils.sys.mjs:238:12|_fetchAttachment@resource://services-settings/Attachments.sys.mjs:560:35|downloadAsBytes@resource://services-settings/Attachments.sys.mjs:537:35|observe@resource://gre/modules/AsyncShutdown.sys.mjs:587:17|
  - prototype Object
1787596106297	RemoteAgent	DEBUG	Resetting recommended pref apz.axis_lock.mode
1787596106297	RemoteAgent	DEBUG	Resetting recommended pref apz.content_response_timeout
1787596106297	RemoteAgent	DEBUG	Resetting recommended pref browser.backup.enabled
1787596106297	RemoteAgent	DEBUG	Resetting recommended pref browser.contentblocking.introCount
1787596106298	RemoteAgent	DEBUG	Resetting recommended pref browser.discovery.enabled
1787596106298	RemoteAgent	DEBUG	Resetting recommended pref browser.download.panel.shown
1787596106298	RemoteAgent	DEBUG	Resetting recommended pref browser.http.blank_page_with_error_response.enabled
1787596106298	RemoteAgent	DEBUG	Resetting recommended pref browser.ml.enable
JavaScript error: resource://gre/modules/PrivateBrowsingUtils.sys.mjs, line 50: TypeError: can't access property "QueryInterface", aWindow.docShell is null
1787596106298	RemoteAgent	DEBUG	Resetting recommended pref browser.newtabpage.activity-stream.asrouter.userprefs.cfr.features
1787596106299	RemoteAgent	DEBUG	Resetting recommended pref browser.newtabpage.activity-stream.testing.shouldInitializeFeeds
1787596106299	RemoteAgent	DEBUG	Resetting recommended pref browser.newtabpage.activity-stream.showSponsoredTopSites
1787596106299	RemoteAgent	DEBUG	Resetting recommended pref browser.pagethumbnails.capturing_disabled
1787596106299	RemoteAgent	DEBUG	Resetting recommended pref browser.region.network.url
1787596106299	RemoteAgent	DEBUG	Resetting recommended pref browser.safebrowsing.blockedURIs.enabled
1787596106302	RemoteAgent	DEBUG	Resetting recommended pref browser.safebrowsing.downloads.enabled
1787596106304	RemoteAgent	DEBUG	Resetting recommended pref browser.safebrowsing.malware.enabled
1787596106306	RemoteAgent	DEBUG	Resetting recommended pref browser.safebrowsing.phishing.enabled
1787596106308	RemoteAgent	DEBUG	Resetting recommended pref browser.search.update
1787596106308	RemoteAgent	DEBUG	Resetting recommended pref browser.startup.couldRestoreSession.count
1787596106308	RemoteAgent	DEBUG	Resetting recommended pref browser.tabs.remote.unloadDelayMs
1787596106308	RemoteAgent	DEBUG	Resetting recommended pref browser.tabs.unloadOnLowMemory
1787596106308	RemoteAgent	DEBUG	Resetting recommended pref browser.tabs.warnOnClose
1787596106308	RemoteAgent	DEBUG	Resetting recommended pref browser.tabs.warnOnCloseOtherTabs
1787596106308	RemoteAgent	DEBUG	Resetting recommended pref browser.tabs.warnOnOpen
1787596106308	RemoteAgent	DEBUG	Resetting recommended pref browser.toolbars.bookmarks.visibility
1787596106308	RemoteAgent	DEBUG	Resetting recommended pref browser.topsites.contile.enabled
1787596106308	RemoteAgent	DEBUG	Resetting recommended pref browser.translations.enable
1787596106308	RemoteAgent	DEBUG	Resetting recommended pref browser.usedOnWindows10.introURL
1787596106309	RemoteAgent	DEBUG	Resetting recommended pref browser.urlbar.merino.endpointURL
1787596106309	RemoteAgent	DEBUG	Resetting recommended pref browser.urlbar.merino.ohttpConfigURL
1787596106310	RemoteAgent	DEBUG	Resetting recommended pref browser.urlbar.merino.ohttpRelayURL
1787596106310	RemoteAgent	DEBUG	Resetting recommended pref browser.urlbar.suggest.searches
1787596106310	RemoteAgent	DEBUG	Resetting recommended pref datareporting.policy.dataSubmissionPolicyAccepted
1787596106310	RemoteAgent	DEBUG	Resetting recommended pref datareporting.usage.uploadEnabled
1787596106310	RemoteAgent	DEBUG	Resetting recommended pref telemetry.fog.test.localhost_port
1787596106310	RemoteAgent	DEBUG	Resetting recommended pref dom.disable_open_during_load
1787596106310	RemoteAgent	DEBUG	Resetting recommended pref dom.file.createInChild
1787596106310	RemoteAgent	DEBUG	Resetting recommended pref dom.input_events.security.minNumTicks
1787596106310	RemoteAgent	DEBUG	Resetting recommended pref dom.input_events.security.minTimeElapsedInMS
1787596106310	RemoteAgent	DEBUG	Resetting recommended pref threads.lower_mainthread_priority_in_background.enabled
1787596106310	RemoteAgent	DEBUG	Resetting recommended pref dom.ipc.processPriorityManager.enabled
1787596106310	RemoteAgent	DEBUG	Resetting recommended pref dom.max_chrome_script_run_time
1787596106310	RemoteAgent	DEBUG	Resetting recommended pref dom.max_script_run_time
1787596106311	RemoteAgent	DEBUG	Resetting recommended pref dom.navigation.navigationRateLimit.count
1787596106311	RemoteAgent	DEBUG	Resetting recommended pref dom.permissions.testing.enabled
1787596106311	RemoteAgent	DEBUG	Resetting recommended pref dom.push.connection.enabled
1787596106311	RemoteAgent	DEBUG	Resetting recommended pref dom.screenorientation.allow-lock
1787596106311	RemoteAgent	DEBUG	Resetting recommended pref dom.successive_dialog_time_limit
1787596106311	RemoteAgent	DEBUG	Resetting recommended pref extensions.formautofill.addresses.enabled
1787596106311	RemoteAgent	DEBUG	Resetting recommended pref extensions.formautofill.creditCards.enabled
1787596106311	RemoteAgent	DEBUG	Resetting recommended pref extensions.getAddons.cache.enabled
1787596106311	RemoteAgent	DEBUG	Resetting recommended pref extensions.getAddons.discovery.api_url
1787596106311	RemoteAgent	DEBUG	Resetting recommended pref extensions.blocklist.detailsURL
1787596106311	RemoteAgent	DEBUG	Resetting recommended pref extensions.blocklist.itemURL
1787596106311	RemoteAgent	DEBUG	Resetting recommended pref extensions.hotfix.url
1787596106311	RemoteAgent	DEBUG	Resetting recommended pref extensions.systemAddon.update.enabled
1787596106311	RemoteAgent	DEBUG	Resetting recommended pref extensions.update.background.url
1787596106311	RemoteAgent	DEBUG	Resetting recommended pref extensions.update.url
1787596106312	RemoteAgent	DEBUG	Resetting recommended pref extensions.getAddons.get.url
1787596106312	RemoteAgent	DEBUG	Resetting recommended pref extensions.getAddons.search.browseURL
1787596106312	RemoteAgent	DEBUG	Resetting recommended pref geo.prompt.open_system_prefs
1787596106312	RemoteAgent	DEBUG	Resetting recommended pref geo.provider.network.url
1787596106312	RemoteAgent	DEBUG	Resetting recommended pref identity.fxaccounts.auth.uri
1787596106312	RemoteAgent	DEBUG	Resetting recommended pref mousewheel.allow_scrolling_more_than_one_page
1787596106312	RemoteAgent	DEBUG	Resetting recommended pref network.captive-portal-service.enabled
1787596106312	RemoteAgent	DEBUG	Resetting recommended pref network.connectivity-service.enabled
1787596106312	RemoteAgent	DEBUG	Resetting recommended pref network.http.prompt-temp-redirect
1787596106312	RemoteAgent	DEBUG	Resetting recommended pref places.semanticHistory.featureGate
1787596106312	RemoteAgent	DEBUG	Resetting recommended pref privacy.trackingprotection.enabled
1787596106312	RemoteAgent	DEBUG	Resetting recommended pref privacy.trackingprotection.pbmode.enabled
1787596106313	RemoteAgent	DEBUG	Resetting recommended pref remote.prefs.recommended.applied
1787596106313	RemoteAgent	DEBUG	Resetting recommended pref security.fileuri.strict_origin_policy
1787596106313	RemoteAgent	DEBUG	Resetting recommended pref security.notification_enable_delay
1787596106313	RemoteAgent	DEBUG	Resetting recommended pref security.remote_settings.intermediates.enabled
1787596106313	RemoteAgent	DEBUG	Resetting recommended pref security.webauthn.related_origin_requests_mode
1787596106314	RemoteAgent	DEBUG	Resetting recommended pref services.settings.loglevel
1787596106314	RemoteAgent	DEBUG	Resetting recommended pref signon.autofillForms
1787596106314	RemoteAgent	DEBUG	Resetting recommended pref signon.management.page.breach-alerts.enabled
1787596106314	RemoteAgent	DEBUG	Resetting recommended pref signon.management.page.vulnerable-passwords.enabled
1787596106314	RemoteAgent	DEBUG	Resetting recommended pref signon.rememberSignons
1787596106314	RemoteAgent	DEBUG	Resetting recommended pref termsofuse.bypassNotification
1787596106314	RemoteAgent	DEBUG	Resetting recommended pref toolkit.telemetry.server
1787596106314	RemoteAgent	DEBUG	Resetting recommended pref widget.windows.window_occlusion_tracking.enabled
1787596106314	RemoteAgent	DEBUG	Resetting recommended pref permissions.isolateBy.userContext
1787596106459	geckodriver::browser	DEBUG	Browser process stopped: exit status: 0
1787596106459	geckodriver::browser	DEBUG	Set MINIDUMP_SAVE_PATH to store crash minidumps.
1787596106463	webdriver::server	DEBUG	<- 200 OK {"value":null}
1787596106478	webdriver::server	INFO	Shutting down
1787596106478	webdriver::server	DEBUG	Quit signal received, tearing down session
1787596106478	webdriver::server	DEBUG	Teardown session
1787596119770	geckodriver	INFO	Listening on 127.0.0.1:55379
1787596119781	webdriver::server	DEBUG	-> POST /session {"capabilities": {"firstMatch": [{}], "alwaysMatch": {"browserName": "firefox", "acceptInsecureCerts": true, ... le-generator/auto-datfile-generator", "browser.helperApps.neverAsk.saveToDisk": "application/zip"}, "args": ["-headless"]}}}}
1787596119781	geckodriver::capabilities	DEBUG	Trying to read firefox version from ini files
1787596119781	geckodriver::capabilities	DEBUG	Found version 153.0.4
1787596119782	mozrunner::runner	INFO	Running command: MOZ_CRASHREPORTER="1" MOZ_CRASHREPORTER_NO_REPORT="1" MOZ_CRASHREPORTER_SHUTDOWN="1" "/usr/bin/firefox" "--m ... ss" "--remote-debugging-port" "37791" "--remote-allow-hosts" "localhost" "-no-remote" "-profile" "/tmp/rust_mozprofileqmEyuD"
1787596119782	geckodriver::marionette	DEBUG	Waiting 60s to connect to browser on 127.0.0.1
*** You are running in headless mode.
1787596119966	RemoteAgent	DEBUG	Setting recommended pref apz.axis_lock.mode to 0
1787596119966	RemoteAgent	DEBUG	Setting recommended pref apz.content_response_timeout to 60000
1787596119966	RemoteAgent	DEBUG	Setting recommended pref browser.backup.enabled to false
1787596119966	RemoteAgent	DEBUG	Setting recommended pref browser.contentblocking.introCount to 99
1787596119967	RemoteAgent	DEBUG	Setting recommended pref browser.discovery.enabled to false
1787596119967	RemoteAgent	DEBUG	Setting recommended pref browser.download.panel.shown to true
1787596119967	RemoteAgent	DEBUG	Setting recommended pref browser.http.blank_page_with_error_response.enabled to true
1787596119967	RemoteAgent	DEBUG	Setting recommended pref browser.ml.enable to false
1787596119967	RemoteAgent	DEBUG	Setting recommended pref browser.newtabpage.activity-stream.asrouter.userprefs.cfr.features to false
1787596119967	RemoteAgent	DEBUG	Setting recommended pref browser.newtabpage.activity-stream.testing.shouldInitializeFeeds to false
1787596119967	RemoteAgent	DEBUG	Setting recommended pref browser.newtabpage.activity-stream.showSponsoredTopSites to false
1787596119967	RemoteAgent	DEBUG	Setting recommended pref browser.pagethumbnails.capturing_disabled to true
1787596119967	RemoteAgent	DEBUG	Setting recommended pref browser.region.network.url to 
1787596119967	RemoteAgent	DEBUG	Setting recommended pref browser.safebrowsing.blockedURIs.enabled to false
1787596119967	RemoteAgent	DEBUG	Setting recommended pref browser.safebrowsing.downloads.enabled to false
1787596119967	RemoteAgent	DEBUG	Setting recommended pref browser.safebrowsing.malware.enabled to false
1787596119967	RemoteAgent	DEBUG	Setting recommended pref browser.safebrowsing.phishing.enabled to false
1787596119967	RemoteAgent	DEBUG	Setting recommended pref browser.search.update to false
1787596119967	RemoteAgent	DEBUG	Setting recommended pref browser.startup.couldRestoreSession.count to -1
1787596119967	RemoteAgent	DEBUG	Setting recommended pref browser.tabs.remote.unloadDelayMs to 0
1787596119967	RemoteAgent	DEBUG	Setting recommended pref browser.tabs.unloadOnLowMemory to false
1787596119967	RemoteAgent	DEBUG	Setting recommended pref browser.tabs.warnOnClose to false
1787596119967	RemoteAgent	DEBUG	Setting recommended pref browser.tabs.warnOnCloseOtherTabs to false
1787596119967	RemoteAgent	DEBUG	Setting recommended pref browser.tabs.warnOnOpen to false
1787596119967	RemoteAgent	DEBUG	Setting recommended pref browser.toolbars.bookmarks.visibility to never
1787596119967	RemoteAgent	DEBUG	Setting recommended pref browser.topsites.contile.enabled to false
1787596119967	RemoteAgent	DEBUG	Setting recommended pref browser.translations.enable to false
1787596119970	RemoteAgent	DEBUG	Setting recommended pref browser.usedOnWindows10.introURL to 
1787596119970	RemoteAgent	DEBUG	Setting recommended pref browser.urlbar.merino.endpointURL to 
1787596119970	RemoteAgent	DEBUG	Setting recommended pref browser.urlbar.merino.ohttpConfigURL to 
1787596119970	RemoteAgent	DEBUG	Setting recommended pref browser.urlbar.merino.ohttpRelayURL to 
1787596119970	RemoteAgent	DEBUG	Setting recommended pref browser.urlbar.suggest.searches to false
1787596119970	RemoteAgent	DEBUG	Setting recommended pref datareporting.policy.dataSubmissionPolicyAccepted to false
1787596119970	RemoteAgent	DEBUG	Setting recommended pref datareporting.usage.uploadEnabled to false
1787596119971	RemoteAgent	DEBUG	Setting recommended pref telemetry.fog.test.localhost_port to -1
1787596119971	RemoteAgent	DEBUG	Setting recommended pref dom.disable_open_during_load to false
1787596119971	RemoteAgent	DEBUG	Setting recommended pref dom.file.createInChild to true
1787596119971	RemoteAgent	DEBUG	Setting recommended pref dom.input_events.security.minNumTicks to 0
1787596119971	RemoteAgent	DEBUG	Setting recommended pref dom.input_events.security.minTimeElapsedInMS to 0
1787596119971	RemoteAgent	DEBUG	Setting recommended pref threads.lower_mainthread_priority_in_background.enabled to false
1787596119971	RemoteAgent	DEBUG	Setting recommended pref dom.ipc.processPriorityManager.enabled to false
1787596119971	RemoteAgent	DEBUG	Setting recommended pref dom.max_chrome_script_run_time to 0
1787596119971	RemoteAgent	DEBUG	Setting recommended pref dom.max_script_run_time to 0
1787596119971	RemoteAgent	DEBUG	Setting recommended pref dom.navigation.navigationRateLimit.count to 0
1787596119971	RemoteAgent	DEBUG	Setting recommended pref dom.permissions.testing.enabled to true
1787596119971	RemoteAgent	DEBUG	Setting recommended pref dom.push.connection.enabled to false
1787596119971	RemoteAgent	DEBUG	Setting recommended pref dom.screenorientation.allow-lock to true
1787596119971	RemoteAgent	DEBUG	Setting recommended pref dom.successive_dialog_time_limit to 0
1787596119971	RemoteAgent	DEBUG	Setting recommended pref extensions.formautofill.addresses.enabled to false
1787596119971	RemoteAgent	DEBUG	Setting recommended pref extensions.formautofill.creditCards.enabled to false
1787596119971	RemoteAgent	DEBUG	Setting recommended pref extensions.getAddons.cache.enabled to false
1787596119971	RemoteAgent	DEBUG	Setting recommended pref extensions.getAddons.discovery.api_url to data:, 
1787596119971	RemoteAgent	DEBUG	Setting recommended pref extensions.blocklist.detailsURL to http://%(server)s/extensions-dummy/blocklistDetailsURL
1787596119971	RemoteAgent	DEBUG	Setting recommended pref extensions.blocklist.itemURL to http://%(server)s/extensions-dummy/blocklistItemURL
1787596119971	RemoteAgent	DEBUG	Setting recommended pref extensions.hotfix.url to http://%(server)s/extensions-dummy/hotfixURL
1787596119971	RemoteAgent	DEBUG	Setting recommended pref extensions.systemAddon.update.enabled to false
1787596119971	RemoteAgent	DEBUG	Setting recommended pref extensions.update.background.url to http://%(server)s/extensions-dummy/updateBackgroundURL
1787596119971	RemoteAgent	DEBUG	Setting recommended pref extensions.update.url to http://%(server)s/extensions-dummy/updateURL
1787596119971	RemoteAgent	DEBUG	Setting recommended pref extensions.getAddons.get.url to http://%(server)s/extensions-dummy/repositoryGetURL
1787596119971	RemoteAgent	DEBUG	Setting recommended pref extensions.getAddons.search.browseURL to http://%(server)s/extensions-dummy/repositoryBrowseURL
1787596119971	RemoteAgent	DEBUG	Setting recommended pref geo.prompt.open_system_prefs to false
1787596119971	RemoteAgent	DEBUG	Setting recommended pref geo.provider.network.url to 
1787596119971	RemoteAgent	DEBUG	Setting recommended pref identity.fxaccounts.auth.uri to https://{server}/dummy/fxa
1787596119971	RemoteAgent	DEBUG	Setting recommended pref mousewheel.allow_scrolling_more_than_one_page to true
1787596119971	RemoteAgent	DEBUG	Setting recommended pref network.captive-portal-service.enabled to false
1787596119971	RemoteAgent	DEBUG	Setting recommended pref network.connectivity-service.enabled to false
1787596119971	RemoteAgent	DEBUG	Setting recommended pref network.http.prompt-temp-redirect to false
1787596119971	RemoteAgent	DEBUG	Setting recommended pref places.semanticHistory.featureGate to false
1787596119971	RemoteAgent	DEBUG	Setting recommended pref privacy.trackingprotection.enabled to false
1787596119971	RemoteAgent	DEBUG	Setting recommended pref privacy.trackingprotection.pbmode.enabled to false
1787596119971	RemoteAgent	DEBUG	Setting recommended pref remote.prefs.recommended.applied to true
1787596119971	RemoteAgent	DEBUG	Setting recommended pref security.fileuri.strict_origin_policy to false
1787596119971	RemoteAgent	DEBUG	Setting recommended pref security.notification_enable_delay to 0
1787596119971	RemoteAgent	DEBUG	Setting recommended pref security.remote_settings.intermediates.enabled to false
1787596119971	RemoteAgent	DEBUG	Setting recommended pref security.webauthn.related_origin_requests_mode to 1
1787596119971	RemoteAgent	DEBUG	Setting recommended pref services.settings.loglevel to off
1787596119971	RemoteAgent	DEBUG	Setting recommended pref signon.autofillForms to false
1787596119971	RemoteAgent	DEBUG	Setting recommended pref signon.management.page.breach-alerts.enabled to false
1787596119971	RemoteAgent	DEBUG	Setting recommended pref signon.management.page.vulnerable-passwords.enabled to false
1787596119971	RemoteAgent	DEBUG	Setting recommended pref signon.rememberSignons to false
1787596119971	RemoteAgent	DEBUG	Setting recommended pref termsofuse.bypassNotification to true
1787596119972	RemoteAgent	DEBUG	Setting recommended pref toolkit.telemetry.server to https://%(server)s/telemetry-dummy/
1787596119972	RemoteAgent	DEBUG	Setting recommended pref widget.windows.window_occlusion_tracking.enabled to false
1787596119972	RemoteAgent	DEBUG	WebDriver BiDi enabled
1787596119972	Marionette	INFO	Marionette enabled
1787596120044	Marionette	INFO	Listening on port 45817
1787596120045	Marionette	DEBUG	Marionette is listening
1787596120051	RemoteAgent	DEBUG	Setting recommended pref permissions.isolateBy.userContext to true
WebDriver BiDi listening on ws://127.0.0.1:37791
Read port: 45817
1787596120110	Marionette	DEBUG	Accepted connection 0 from 127.0.0.1:46040
1787596120113	geckodriver::marionette	DEBUG	Connection to Marionette established on 127.0.0.1:45817.
1787596120136	Marionette	DEBUG	0 -> [0,1,"WebDriver:NewSession",{"acceptInsecureCerts":true,"browserName":"firefox","pageLoadStrategy":"normal"}]
1787596120138	RemoteAgent	WARN	TLS certificate errors will be ignored for this session
1787596120235	Marionette	DEBUG	Waiting for initial application window
[GFX1-]: RenderCompositorSWGL failed mapping default framebuffer, no dt
1787596120995	Marionette	DEBUG	0 <- [1,1,null,{"sessionId":"436ac7f0-1a6c-4b38-94ae-9f2fec45787e","capabilities":{"acceptInsecureCerts":true,"browserName":"firefox","browserVersion":"153.0.4","platformName":"linux","setWindowRect":true,"unhandledPromptBehavior":"dismiss and notify","userAgent":"Mozilla/5.0 (X11; Linux x86_64; rv:153.0) Gecko/20100101 Firefox/153.0","moz:buildID":"20260810162159","moz:headless":true,"moz:platformVersion":"6.17.0-1022-azure","moz:processID":2753,"moz:profile":"/tmp/rust_mozprofileqmEyuD","moz:shutdownTimeout":60000,"pageLoadStrategy":"normal","timeouts":{"implicit":0,"pageLoad":300000,"script":30000},"strictFileInteractability":false,"moz:accessibilityChecks":false,"moz:webdriverClick":true,"moz:windowless":false,"proxy":{}}}]
1787596121001	webdriver::server	DEBUG	<- 200 OK {"value":{"sessionId":"436ac7f0-1a6c-4b38-94ae-9f2fec45787e","capabilities":{"acceptInsecureCerts":true,"browserNam ... dPromptBehavior":"dismiss and notify","userAgent":"Mozilla/5.0 (X11; Linux x86_64; rv:153.0) Gecko/20100101 Firefox/153.0"}}}
1787596121002	webdriver::server	DEBUG	-> POST /session/436ac7f0-1a6c-4b38-94ae-9f2fec45787e/timeouts {"implicit": 10000}
1787596121003	Marionette	DEBUG	0 -> [0,2,"WebDriver:SetTimeouts",{"implicit":10000}]
1787596121003	Marionette	DEBUG	0 <- [1,2,null,{"value":null}]
1787596121003	webdriver::server	DEBUG	<- 200 OK {"value":null}
1787596121004	webdriver::server	DEBUG	-> POST /session/436ac7f0-1a6c-4b38-94ae-9f2fec45787e/url {"url": "https://datomatic.no-intro.org"}
1787596121004	Marionette	DEBUG	0 -> [0,3,"WebDriver:Navigate",{"url":"https://datomatic.no-intro.org"}]
console.warn: RSLoader: Recipe train-hop-co-enroll-pilot-to-beta-co-enrollment-1 not returned from collection nimbus-secure-experiments because it does not contain at least one required feature ID.
console.error: "Experiment desktop-release-rollout-show-relay-to-all-browsers-next-sign-up-modal-cta has unknown featureId: email-autocomplete-relay"
console.error: "Experiment visual-card-updates has unknown featureId: newtabRefinedCardsLayout"
console.error: "Experiment enable-nimbus-unenrollment-synchronization has unknown featureId: nimbusStore"
console.error: "Experiment private-window-visual-refresh-design-change-only has unknown featureId: feltPrivacy"
1787596123956	Marionette	DEBUG	0 <- [1,3,null,{"value":null}]
1787596123958	webdriver::server	DEBUG	<- 200 OK {"value":null}
1787596123959	webdriver::server	DEBUG	-> POST /session/436ac7f0-1a6c-4b38-94ae-9f2fec45787e/element {"using": "xpath", "value": "/html/body/div/header/nav/ul/li[3]/a"}
1787596123960	Marionette	DEBUG	0 -> [0,4,"WebDriver:FindElement",{"using":"xpath","value":"/html/body/div/header/nav/ul/li[3]/a"}]
1787596123969	Marionette	DEBUG	0 <- [1,4,null,{"value":{"element-6066-11e4-a52e-4f735466cecf":"0d3df354-306b-4249-8077-8b7b86a9774a"}}]
1787596123970	webdriver::server	DEBUG	<- 200 OK {"value":{"element-6066-11e4-a52e-4f735466cecf":"0d3df354-306b-4249-8077-8b7b86a9774a"}}
1787596123971	webdriver::server	DEBUG	-> POST /session/436ac7f0-1a6c-4b38-94ae-9f2fec45787e/element/0d3df354-306b-4249-8077-8b7b86a9774a/click {}
1787596123971	Marionette	DEBUG	0 -> [0,5,"WebDriver:ElementClick",{"id":"0d3df354-306b-4249-8077-8b7b86a9774a"}]
console.warn: LoginRecipes: "Falling back to a synchronous message for: https://datomatic.no-intro.org."
console.warn: LoginRecipes: "Falling back to a synchronous message for: https://datomatic.no-intro.org."
console.warn: LoginRecipes: "Falling back to a synchronous message for: https://datomatic.no-intro.org."
1787596125618	Marionette	DEBUG	0 <- [1,5,null,{"value":null}]
1787596125622	webdriver::server	DEBUG	<- 200 OK {"value":null}
1787596125623	webdriver::server	DEBUG	-> POST /session/436ac7f0-1a6c-4b38-94ae-9f2fec45787e/element {"using": "xpath", "value": "/html/body/div/header/table/tbody/tr/td/a[5]"}
1787596125623	Marionette	DEBUG	0 -> [0,6,"WebDriver:FindElement",{"using":"xpath","value":"/html/body/div/header/table/tbody/tr/td/a[5]"}]
1787596125625	Marionette	DEBUG	0 <- [1,6,null,{"value":{"element-6066-11e4-a52e-4f735466cecf":"7844d017-4152-4039-b978-32520435a21a"}}]
1787596125625	webdriver::server	DEBUG	<- 200 OK {"value":{"element-6066-11e4-a52e-4f735466cecf":"7844d017-4152-4039-b978-32520435a21a"}}
1787596125626	webdriver::server	DEBUG	-> POST /session/436ac7f0-1a6c-4b38-94ae-9f2fec45787e/element/7844d017-4152-4039-b978-32520435a21a/click {}
1787596125626	Marionette	DEBUG	0 -> [0,7,"WebDriver:ElementClick",{"id":"7844d017-4152-4039-b978-32520435a21a"}]
console.warn: LoginRecipes: "Falling back to a synchronous message for: https://datomatic.no-intro.org."
console.warn: LoginRecipes: "Falling back to a synchronous message for: https://datomatic.no-intro.org."
1787596127318	Marionette	DEBUG	0 <- [1,7,null,{"value":null}]
1787596127320	webdriver::server	DEBUG	<- 200 OK {"value":null}
1787596127321	webdriver::server	DEBUG	-> POST /session/436ac7f0-1a6c-4b38-94ae-9f2fec45787e/element {"using": "xpath", "value": "//input[@name='dat_type' and @value='pc']"}
1787596127322	Marionette	DEBUG	0 -> [0,8,"WebDriver:FindElement",{"using":"xpath","value":"//input[@name='dat_type' and @value='pc']"}]
1787596127323	Marionette	DEBUG	0 <- [1,8,null,{"value":{"element-6066-11e4-a52e-4f735466cecf":"b88c9a22-85e9-451c-9caf-7233d143b7b2"}}]
1787596127323	webdriver::server	DEBUG	<- 200 OK {"value":{"element-6066-11e4-a52e-4f735466cecf":"b88c9a22-85e9-451c-9caf-7233d143b7b2"}}
1787596127324	webdriver::server	DEBUG	-> POST /session/436ac7f0-1a6c-4b38-94ae-9f2fec45787e/element/b88c9a22-85e9-451c-9caf-7233d143b7b2/click {}
1787596127324	Marionette	DEBUG	0 -> [0,9,"WebDriver:ElementClick",{"id":"b88c9a22-85e9-451c-9caf-7233d143b7b2"}]
console.warn: LoginRecipes: "Falling back to a synchronous message for: https://datomatic.no-intro.org."
console.warn: LoginRecipes: "Falling back to a synchronous message for: https://datomatic.no-intro.org."
console.warn: LoginRecipes: "Falling back to a synchronous message for: https://datomatic.no-intro.org."
1787596128879	Marionette	DEBUG	0 <- [1,9,null,{"value":null}]
1787596128883	webdriver::server	DEBUG	<- 200 OK {"value":null}
1787596128884	webdriver::server	DEBUG	-> POST /session/436ac7f0-1a6c-4b38-94ae-9f2fec45787e/element {"using": "xpath", "value": "/html/body/div/section/article/div/form/input[4]"}
1787596128886	Marionette	DEBUG	0 -> [0,10,"WebDriver:FindElement",{"using":"xpath","value":"/html/body/div/section/article/div/form/input[4]"}]
1787596128887	Marionette	DEBUG	0 <- [1,10,null,{"value":{"element-6066-11e4-a52e-4f735466cecf":"c6342572-e3b5-49df-9f26-16ae8402d665"}}]
1787596128887	webdriver::server	DEBUG	<- 200 OK {"value":{"element-6066-11e4-a52e-4f735466cecf":"c6342572-e3b5-49df-9f26-16ae8402d665"}}
1787596128888	webdriver::server	DEBUG	-> POST /session/436ac7f0-1a6c-4b38-94ae-9f2fec45787e/element/c6342572-e3b5-49df-9f26-16ae8402d665/click {}
1787596128888	Marionette	DEBUG	0 -> [0,11,"WebDriver:ElementClick",{"id":"c6342572-e3b5-49df-9f26-16ae8402d665"}]
console.warn: LoginRecipes: "Falling back to a synchronous message for: https://datomatic.no-intro.org."
console.warn: LoginRecipes: "Falling back to a synchronous message for: https://datomatic.no-intro.org."
console.warn: LoginRecipes: "Falling back to a synchronous message for: https://datomatic.no-intro.org."
1787596132099	Marionette	DEBUG	0 <- [1,11,null,{"value":null}]
1787596132100	webdriver::server	DEBUG	<- 200 OK {"value":null}
console.warn: BackupService: "There was an error while trying to get the Document's directory" [Exception... "Component returned failure code: 0x80004005 (NS_ERROR_FAILURE) [nsIProperties.get]"  nsresult: "0x80004005 (NS_ERROR_FAILURE)"  location: "JS frame :: resource:///modules/backup/BackupService.sys.mjs :: get docsDirFolderPath :: line 1299"  data: no]
JavaScript error: resource:///modules/backup/BackupService.sys.mjs, line 4380: NotAllowedError: PathUtils.join: PathUtils does not support empty paths
1787596137101	webdriver::server	DEBUG	-> POST /session/436ac7f0-1a6c-4b38-94ae-9f2fec45787e/element {"using": "xpath", "value": "/html/body/div/section/article/div/form[2]/input"}
1787596137103	Marionette	DEBUG	0 -> [0,12,"WebDriver:FindElement",{"using":"xpath","value":"/html/body/div/section/article/div/form[2]/input"}]
1787596137105	Marionette	DEBUG	0 <- [1,12,null,{"value":{"element-6066-11e4-a52e-4f735466cecf":"0a087171-342a-4fe3-8e55-90360b286c8d"}}]
1787596137106	webdriver::server	DEBUG	<- 200 OK {"value":{"element-6066-11e4-a52e-4f735466cecf":"0a087171-342a-4fe3-8e55-90360b286c8d"}}
1787596137107	webdriver::server	DEBUG	-> POST /session/436ac7f0-1a6c-4b38-94ae-9f2fec45787e/element/0a087171-342a-4fe3-8e55-90360b286c8d/click {}
1787596137107	Marionette	DEBUG	0 -> [0,13,"WebDriver:ElementClick",{"id":"0a087171-342a-4fe3-8e55-90360b286c8d"}]
console.warn: LoginRecipes: "Falling back to a synchronous message for: https://datomatic.no-intro.org."
console.warn: LoginRecipes: "Falling back to a synchronous message for: https://datomatic.no-intro.org."
console.warn: LoginRecipes: "Falling back to a synchronous message for: https://datomatic.no-intro.org."
console.warn: LoginRecipes: "Falling back to a synchronous message for: https://datomatic.no-intro.org."
[Parent 2753, Main Thread] WARNING: g_object_get: assertion 'G_IS_OBJECT (object)' failed: 'glib warning', file toolkit/xre/nsSigHandlers.cpp:200

(firefox:2753): GLib-GObject-CRITICAL **: 18:28:59.602: g_object_get: assertion 'G_IS_OBJECT (object)' failed
1787596142235	Marionette	DEBUG	0 <- [1,13,null,{"value":null}]
1787596142236	webdriver::server	DEBUG	<- 200 OK {"value":null}
1787596142238	webdriver::server	DEBUG	-> DELETE /session/436ac7f0-1a6c-4b38-94ae-9f2fec45787e 
1787596142239	Marionette	DEBUG	0 -> [0,14,"Marionette:Quit",{"flags":["eForceQuit"]}]
1787596142240	Marionette	INFO	Stopped listening on port 45817
1787596142412	Marionette	DEBUG	0 <- [1,14,null,{"cause":"shutdown","forced":false,"in_app":true}]
1787596142429	Marionette	DEBUG	Marionette stopped listening
1787596142430	webdriver::server	DEBUG	Teardown session
1787596142433	Marionette	DEBUG	Closed connection 0
1787596142715	RemoteAgent	DEBUG	Resetting recommended pref apz.axis_lock.mode
1787596142716	RemoteAgent	DEBUG	Resetting recommended pref apz.content_response_timeout
1787596142716	RemoteAgent	DEBUG	Resetting recommended pref browser.backup.enabled
1787596142716	RemoteAgent	DEBUG	Resetting recommended pref browser.contentblocking.introCount
1787596142716	RemoteAgent	DEBUG	Resetting recommended pref browser.discovery.enabled
1787596142716	RemoteAgent	DEBUG	Resetting recommended pref browser.download.panel.shown
1787596142716	RemoteAgent	DEBUG	Resetting recommended pref browser.http.blank_page_with_error_response.enabled
1787596142716	RemoteAgent	DEBUG	Resetting recommended pref browser.ml.enable
JavaScript error: resource://gre/modules/PrivateBrowsingUtils.sys.mjs, line 50: TypeError: can't access property "QueryInterface", aWindow.docShell is null
1787596142716	RemoteAgent	DEBUG	Resetting recommended pref browser.newtabpage.activity-stream.asrouter.userprefs.cfr.features
1787596142716	RemoteAgent	DEBUG	Resetting recommended pref browser.newtabpage.activity-stream.testing.shouldInitializeFeeds
1787596142716	RemoteAgent	DEBUG	Resetting recommended pref browser.newtabpage.activity-stream.showSponsoredTopSites
1787596142717	RemoteAgent	DEBUG	Resetting recommended pref browser.pagethumbnails.capturing_disabled
1787596142717	RemoteAgent	DEBUG	Resetting recommended pref browser.region.network.url
1787596142717	RemoteAgent	DEBUG	Resetting recommended pref browser.safebrowsing.blockedURIs.enabled
1787596142720	RemoteAgent	DEBUG	Resetting recommended pref browser.safebrowsing.downloads.enabled
1787596142722	RemoteAgent	DEBUG	Resetting recommended pref browser.safebrowsing.malware.enabled
1787596142723	RemoteAgent	DEBUG	Resetting recommended pref browser.safebrowsing.phishing.enabled
1787596142725	RemoteAgent	DEBUG	Resetting recommended pref browser.search.update
1787596142725	RemoteAgent	DEBUG	Resetting recommended pref browser.startup.couldRestoreSession.count
1787596142725	RemoteAgent	DEBUG	Resetting recommended pref browser.tabs.remote.unloadDelayMs
1787596142725	RemoteAgent	DEBUG	Resetting recommended pref browser.tabs.unloadOnLowMemory
1787596142725	RemoteAgent	DEBUG	Resetting recommended pref browser.tabs.warnOnClose
1787596142725	RemoteAgent	DEBUG	Resetting recommended pref browser.tabs.warnOnCloseOtherTabs
1787596142725	RemoteAgent	DEBUG	Resetting recommended pref browser.tabs.warnOnOpen
1787596142725	RemoteAgent	DEBUG	Resetting recommended pref browser.toolbars.bookmarks.visibility
1787596142725	RemoteAgent	DEBUG	Resetting recommended pref browser.topsites.contile.enabled
1787596142726	RemoteAgent	DEBUG	Resetting recommended pref browser.translations.enable
1787596142726	RemoteAgent	DEBUG	Resetting recommended pref browser.usedOnWindows10.introURL
1787596142726	RemoteAgent	DEBUG	Resetting recommended pref browser.urlbar.merino.endpointURL
1787596142726	RemoteAgent	DEBUG	Resetting recommended pref browser.urlbar.merino.ohttpConfigURL
1787596142727	RemoteAgent	DEBUG	Resetting recommended pref browser.urlbar.merino.ohttpRelayURL
1787596142727	RemoteAgent	DEBUG	Resetting recommended pref browser.urlbar.suggest.searches
1787596142727	RemoteAgent	DEBUG	Resetting recommended pref datareporting.policy.dataSubmissionPolicyAccepted
1787596142727	RemoteAgent	DEBUG	Resetting recommended pref datareporting.usage.uploadEnabled
1787596142727	RemoteAgent	DEBUG	Resetting recommended pref telemetry.fog.test.localhost_port
1787596142727	RemoteAgent	DEBUG	Resetting recommended pref dom.disable_open_during_load
1787596142727	RemoteAgent	DEBUG	Resetting recommended pref dom.file.createInChild
1787596142727	RemoteAgent	DEBUG	Resetting recommended pref dom.input_events.security.minNumTicks
1787596142728	RemoteAgent	DEBUG	Resetting recommended pref dom.input_events.security.minTimeElapsedInMS
1787596142728	RemoteAgent	DEBUG	Resetting recommended pref threads.lower_mainthread_priority_in_background.enabled
1787596142728	RemoteAgent	DEBUG	Resetting recommended pref dom.ipc.processPriorityManager.enabled
1787596142728	RemoteAgent	DEBUG	Resetting recommended pref dom.max_chrome_script_run_time
1787596142728	RemoteAgent	DEBUG	Resetting recommended pref dom.max_script_run_time
1787596142728	RemoteAgent	DEBUG	Resetting recommended pref dom.navigation.navigationRateLimit.count
1787596142728	RemoteAgent	DEBUG	Resetting recommended pref dom.permissions.testing.enabled
1787596142728	RemoteAgent	DEBUG	Resetting recommended pref dom.push.connection.enabled
1787596142728	RemoteAgent	DEBUG	Resetting recommended pref dom.screenorientation.allow-lock
1787596142728	RemoteAgent	DEBUG	Resetting recommended pref dom.successive_dialog_time_limit
1787596142728	RemoteAgent	DEBUG	Resetting recommended pref extensions.formautofill.addresses.enabled
1787596142728	RemoteAgent	DEBUG	Resetting recommended pref extensions.formautofill.creditCards.enabled
1787596142728	RemoteAgent	DEBUG	Resetting recommended pref extensions.getAddons.cache.enabled
1787596142728	RemoteAgent	DEBUG	Resetting recommended pref extensions.getAddons.discovery.api_url
1787596142728	RemoteAgent	DEBUG	Resetting recommended pref extensions.blocklist.detailsURL
1787596142728	RemoteAgent	DEBUG	Resetting recommended pref extensions.blocklist.itemURL
1787596142728	RemoteAgent	DEBUG	Resetting recommended pref extensions.hotfix.url
1787596142728	RemoteAgent	DEBUG	Resetting recommended pref extensions.systemAddon.update.enabled
1787596142729	RemoteAgent	DEBUG	Resetting recommended pref extensions.update.background.url
1787596142729	RemoteAgent	DEBUG	Resetting recommended pref extensions.update.url
1787596142729	RemoteAgent	DEBUG	Resetting recommended pref extensions.getAddons.get.url
1787596142729	RemoteAgent	DEBUG	Resetting recommended pref extensions.getAddons.search.browseURL
1787596142729	RemoteAgent	DEBUG	Resetting recommended pref geo.prompt.open_system_prefs
1787596142729	RemoteAgent	DEBUG	Resetting recommended pref geo.provider.network.url
1787596142729	RemoteAgent	DEBUG	Resetting recommended pref identity.fxaccounts.auth.uri
1787596142729	RemoteAgent	DEBUG	Resetting recommended pref mousewheel.allow_scrolling_more_than_one_page
1787596142729	RemoteAgent	DEBUG	Resetting recommended pref network.captive-portal-service.enabled
1787596142729	RemoteAgent	DEBUG	Resetting recommended pref network.connectivity-service.enabled
1787596142729	RemoteAgent	DEBUG	Resetting recommended pref network.http.prompt-temp-redirect
1787596142729	RemoteAgent	DEBUG	Resetting recommended pref places.semanticHistory.featureGate
1787596142729	RemoteAgent	DEBUG	Resetting recommended pref privacy.trackingprotection.enabled
1787596142729	RemoteAgent	DEBUG	Resetting recommended pref privacy.trackingprotection.pbmode.enabled
1787596142730	RemoteAgent	DEBUG	Resetting recommended pref remote.prefs.recommended.applied
1787596142730	RemoteAgent	DEBUG	Resetting recommended pref security.fileuri.strict_origin_policy
1787596142730	RemoteAgent	DEBUG	Resetting recommended pref security.notification_enable_delay
1787596142730	RemoteAgent	DEBUG	Resetting recommended pref security.remote_settings.intermediates.enabled
1787596142730	RemoteAgent	DEBUG	Resetting recommended pref security.webauthn.related_origin_requests_mode
1787596142730	RemoteAgent	DEBUG	Resetting recommended pref services.settings.loglevel
1787596142731	RemoteAgent	DEBUG	Resetting recommended pref signon.autofillForms
1787596142731	RemoteAgent	DEBUG	Resetting recommended pref signon.management.page.breach-alerts.enabled
1787596142731	RemoteAgent	DEBUG	Resetting recommended pref signon.management.page.vulnerable-passwords.enabled
1787596142731	RemoteAgent	DEBUG	Resetting recommended pref signon.rememberSignons
1787596142731	RemoteAgent	DEBUG	Resetting recommended pref termsofuse.bypassNotification
1787596142731	RemoteAgent	DEBUG	Resetting recommended pref toolkit.telemetry.server
1787596142731	RemoteAgent	DEBUG	Resetting recommended pref widget.windows.window_occlusion_tracking.enabled
1787596142731	RemoteAgent	DEBUG	Resetting recommended pref permissions.isolateBy.userContext
1787596142830	geckodriver::browser	DEBUG	Browser process stopped: exit status: 0
1787596142831	geckodriver::browser	DEBUG	Set MINIDUMP_SAVE_PATH to store crash minidumps.
1787596142835	webdriver::server	DEBUG	<- 200 OK {"value":null}
1787596142837	webdriver::server	INFO	Shutting down
1787596142837	webdriver::server	DEBUG	Quit signal received, tearing down session
1787596142837	webdriver::server	DEBUG	Teardown session
1787598097212	geckodriver	INFO	Listening on 127.0.0.1:38667
1787598097278	webdriver::server	DEBUG	-> POST /session {"capabilities": {"firstMatch": [{}], "alwaysMatch": {"browserName": "firefox", "acceptInsecureCerts": true, ... le-generator/auto-datfile-generator", "browser.helperApps.neverAsk.saveToDisk": "application/zip"}, "args": ["-headless"]}}}}
1787598097286	geckodriver::capabilities	DEBUG	Trying to read firefox version from ini files
1787598097421	geckodriver::capabilities	DEBUG	Found version 153.0.4
1787598097427	mozrunner::runner	INFO	Running command: MOZ_CRASHREPORTER="1" MOZ_CRASHREPORTER_NO_REPORT="1" MOZ_CRASHREPORTER_SHUTDOWN="1" "/usr/bin/firefox" "--m ... ss" "--remote-debugging-port" "37083" "--remote-allow-hosts" "localhost" "-no-remote" "-profile" "/tmp/rust_mozprofileHJNxVY"
1787598097427	geckodriver::marionette	DEBUG	Waiting 60s to connect to browser on 127.0.0.1
*** You are running in headless mode.
1787598103727	RemoteAgent	DEBUG	Setting recommended pref apz.axis_lock.mode to 0
1787598103727	RemoteAgent	DEBUG	Setting recommended pref apz.content_response_timeout to 60000
1787598103727	RemoteAgent	DEBUG	Setting recommended pref browser.backup.enabled to false
1787598103727	RemoteAgent	DEBUG	Setting recommended pref browser.contentblocking.introCount to 99
1787598103727	RemoteAgent	DEBUG	Setting recommended pref browser.discovery.enabled to false
1787598103727	RemoteAgent	DEBUG	Setting recommended pref browser.download.panel.shown to true
1787598103727	RemoteAgent	DEBUG	Setting recommended pref browser.http.blank_page_with_error_response.enabled to true
1787598103727	RemoteAgent	DEBUG	Setting recommended pref browser.ml.enable to false
1787598103727	RemoteAgent	DEBUG	Setting recommended pref browser.newtabpage.activity-stream.asrouter.userprefs.cfr.features to false
1787598103727	RemoteAgent	DEBUG	Setting recommended pref browser.newtabpage.activity-stream.testing.shouldInitializeFeeds to false
1787598103727	RemoteAgent	DEBUG	Setting recommended pref browser.newtabpage.activity-stream.showSponsoredTopSites to false
1787598103727	RemoteAgent	DEBUG	Setting recommended pref browser.pagethumbnails.capturing_disabled to true
1787598103728	RemoteAgent	DEBUG	Setting recommended pref browser.region.network.url to 
1787598103728	RemoteAgent	DEBUG	Setting recommended pref browser.safebrowsing.blockedURIs.enabled to false
1787598103728	RemoteAgent	DEBUG	Setting recommended pref browser.safebrowsing.downloads.enabled to false
1787598103728	RemoteAgent	DEBUG	Setting recommended pref browser.safebrowsing.malware.enabled to false
1787598103728	RemoteAgent	DEBUG	Setting recommended pref browser.safebrowsing.phishing.enabled to false
1787598103728	RemoteAgent	DEBUG	Setting recommended pref browser.search.update to false
1787598103728	RemoteAgent	DEBUG	Setting recommended pref browser.startup.couldRestoreSession.count to -1
1787598103728	RemoteAgent	DEBUG	Setting recommended pref browser.tabs.remote.unloadDelayMs to 0
1787598103728	RemoteAgent	DEBUG	Setting recommended pref browser.tabs.unloadOnLowMemory to false
1787598103728	RemoteAgent	DEBUG	Setting recommended pref browser.tabs.warnOnClose to false
1787598103728	RemoteAgent	DEBUG	Setting recommended pref browser.tabs.warnOnCloseOtherTabs to false
1787598103728	RemoteAgent	DEBUG	Setting recommended pref browser.tabs.warnOnOpen to false
1787598103728	RemoteAgent	DEBUG	Setting recommended pref browser.toolbars.bookmarks.visibility to never
1787598103728	RemoteAgent	DEBUG	Setting recommended pref browser.topsites.contile.enabled to false
1787598103728	RemoteAgent	DEBUG	Setting recommended pref browser.translations.enable to false
1787598103740	RemoteAgent	DEBUG	Setting recommended pref browser.usedOnWindows10.introURL to 
1787598103740	RemoteAgent	DEBUG	Setting recommended pref browser.urlbar.merino.endpointURL to 
1787598103740	RemoteAgent	DEBUG	Setting recommended pref browser.urlbar.merino.ohttpConfigURL to 
1787598103740	RemoteAgent	DEBUG	Setting recommended pref browser.urlbar.merino.ohttpRelayURL to 
1787598103740	RemoteAgent	DEBUG	Setting recommended pref browser.urlbar.suggest.searches to false
1787598103740	RemoteAgent	DEBUG	Setting recommended pref datareporting.policy.dataSubmissionPolicyAccepted to false
1787598103740	RemoteAgent	DEBUG	Setting recommended pref datareporting.usage.uploadEnabled to false
1787598103740	RemoteAgent	DEBUG	Setting recommended pref telemetry.fog.test.localhost_port to -1
1787598103740	RemoteAgent	DEBUG	Setting recommended pref dom.disable_open_during_load to false
1787598103740	RemoteAgent	DEBUG	Setting recommended pref dom.file.createInChild to true
1787598103740	RemoteAgent	DEBUG	Setting recommended pref dom.input_events.security.minNumTicks to 0
1787598103740	RemoteAgent	DEBUG	Setting recommended pref dom.input_events.security.minTimeElapsedInMS to 0
1787598103741	RemoteAgent	DEBUG	Setting recommended pref threads.lower_mainthread_priority_in_background.enabled to false
1787598103741	RemoteAgent	DEBUG	Setting recommended pref dom.ipc.processPriorityManager.enabled to false
1787598103741	RemoteAgent	DEBUG	Setting recommended pref dom.max_chrome_script_run_time to 0
1787598103741	RemoteAgent	DEBUG	Setting recommended pref dom.max_script_run_time to 0
1787598103741	RemoteAgent	DEBUG	Setting recommended pref dom.navigation.navigationRateLimit.count to 0
1787598103741	RemoteAgent	DEBUG	Setting recommended pref dom.permissions.testing.enabled to true
1787598103741	RemoteAgent	DEBUG	Setting recommended pref dom.push.connection.enabled to false
1787598103741	RemoteAgent	DEBUG	Setting recommended pref dom.screenorientation.allow-lock to true
1787598103741	RemoteAgent	DEBUG	Setting recommended pref dom.successive_dialog_time_limit to 0
1787598103741	RemoteAgent	DEBUG	Setting recommended pref extensions.formautofill.addresses.enabled to false
1787598103741	RemoteAgent	DEBUG	Setting recommended pref extensions.formautofill.creditCards.enabled to false
1787598103741	RemoteAgent	DEBUG	Setting recommended pref extensions.getAddons.cache.enabled to false
1787598103741	RemoteAgent	DEBUG	Setting recommended pref extensions.getAddons.discovery.api_url to data:, 
1787598103741	RemoteAgent	DEBUG	Setting recommended pref extensions.blocklist.detailsURL to http://%(server)s/extensions-dummy/blocklistDetailsURL
1787598103741	RemoteAgent	DEBUG	Setting recommended pref extensions.blocklist.itemURL to http://%(server)s/extensions-dummy/blocklistItemURL
1787598103741	RemoteAgent	DEBUG	Setting recommended pref extensions.hotfix.url to http://%(server)s/extensions-dummy/hotfixURL
1787598103741	RemoteAgent	DEBUG	Setting recommended pref extensions.systemAddon.update.enabled to false
1787598103741	RemoteAgent	DEBUG	Setting recommended pref extensions.update.background.url to http://%(server)s/extensions-dummy/updateBackgroundURL
1787598103741	RemoteAgent	DEBUG	Setting recommended pref extensions.update.url to http://%(server)s/extensions-dummy/updateURL
1787598103741	RemoteAgent	DEBUG	Setting recommended pref extensions.getAddons.get.url to http://%(server)s/extensions-dummy/repositoryGetURL
1787598103741	RemoteAgent	DEBUG	Setting recommended pref extensions.getAddons.search.browseURL to http://%(server)s/extensions-dummy/repositoryBrowseURL
1787598103741	RemoteAgent	DEBUG	Setting recommended pref geo.prompt.open_system_prefs to false
1787598103741	RemoteAgent	DEBUG	Setting recommended pref geo.provider.network.url to 
1787598103741	RemoteAgent	DEBUG	Setting recommended pref identity.fxaccounts.auth.uri to https://{server}/dummy/fxa
1787598103741	RemoteAgent	DEBUG	Setting recommended pref mousewheel.allow_scrolling_more_than_one_page to true
1787598103741	RemoteAgent	DEBUG	Setting recommended pref network.captive-portal-service.enabled to false
1787598103741	RemoteAgent	DEBUG	Setting recommended pref network.connectivity-service.enabled to false
1787598103741	RemoteAgent	DEBUG	Setting recommended pref network.http.prompt-temp-redirect to false
1787598103741	RemoteAgent	DEBUG	Setting recommended pref places.semanticHistory.featureGate to false
1787598103741	RemoteAgent	DEBUG	Setting recommended pref privacy.trackingprotection.enabled to false
1787598103741	RemoteAgent	DEBUG	Setting recommended pref privacy.trackingprotection.pbmode.enabled to false
1787598103741	RemoteAgent	DEBUG	Setting recommended pref remote.prefs.recommended.applied to true
1787598103741	RemoteAgent	DEBUG	Setting recommended pref security.fileuri.strict_origin_policy to false
1787598103741	RemoteAgent	DEBUG	Setting recommended pref security.notification_enable_delay to 0
1787598103741	RemoteAgent	DEBUG	Setting recommended pref security.remote_settings.intermediates.enabled to false
1787598103741	RemoteAgent	DEBUG	Setting recommended pref security.webauthn.related_origin_requests_mode to 1
1787598103741	RemoteAgent	DEBUG	Setting recommended pref services.settings.loglevel to off
1787598103741	RemoteAgent	DEBUG	Setting recommended pref signon.autofillForms to false
1787598103741	RemoteAgent	DEBUG	Setting recommended pref signon.management.page.breach-alerts.enabled to false
1787598103741	RemoteAgent	DEBUG	Setting recommended pref signon.management.page.vulnerable-passwords.enabled to false
1787598103741	RemoteAgent	DEBUG	Setting recommended pref signon.rememberSignons to false
1787598103741	RemoteAgent	DEBUG	Setting recommended pref termsofuse.bypassNotification to true
1787598103741	RemoteAgent	DEBUG	Setting recommended pref toolkit.telemetry.server to https://%(server)s/telemetry-dummy/
1787598103741	RemoteAgent	DEBUG	Setting recommended pref widget.windows.window_occlusion_tracking.enabled to false
1787598103746	RemoteAgent	DEBUG	WebDriver BiDi enabled
1787598103746	Marionette	INFO	Marionette enabled
1787598105166	Marionette	INFO	Listening on port 43485
1787598105168	Marionette	DEBUG	Marionette is listening
Read port: 43485
1787598105295	RemoteAgent	DEBUG	Setting recommended pref permissions.isolateBy.userContext to true
WebDriver BiDi listening on ws://127.0.0.1:37083
1787598105397	Marionette	DEBUG	Accepted connection 0 from 127.0.0.1:58818
1787598105417	geckodriver::marionette	DEBUG	Connection to Marionette established on 127.0.0.1:43485.
1787598105636	Marionette	DEBUG	0 -> [0,1,"WebDriver:NewSession",{"acceptInsecureCerts":true,"browserName":"firefox","pageLoadStrategy":"normal"}]
1787598105638	RemoteAgent	WARN	TLS certificate errors will be ignored for this session
1787598105703	Marionette	DEBUG	Waiting for initial application window
[GFX1-]: RenderCompositorSWGL failed mapping default framebuffer, no dt
console.warn: RSLoader: Recipe train-hop-co-enroll-pilot-to-beta-co-enrollment-1 not returned from collection nimbus-secure-experiments because it does not contain at least one required feature ID.
console.error: "Experiment desktop-release-rollout-show-relay-to-all-browsers-next-sign-up-modal-cta has unknown featureId: email-autocomplete-relay"
console.error: "Experiment visual-card-updates has unknown featureId: newtabRefinedCardsLayout"
console.error: "Experiment enable-nimbus-unenrollment-synchronization has unknown featureId: nimbusStore"
console.error: "Experiment private-window-visual-refresh-design-change-only has unknown featureId: feltPrivacy"
1787598111784	Marionette	DEBUG	0 <- [1,1,null,{"sessionId":"30544c4d-ecfa-4191-aff9-f52077f9e7ff","capabilities":{"acceptInsecureCerts":true,"browserName":"firefox","browserVersion":"153.0.4","platformName":"linux","setWindowRect":true,"unhandledPromptBehavior":"dismiss and notify","userAgent":"Mozilla/5.0 (X11; Linux x86_64; rv:153.0) Gecko/20100101 Firefox/153.0","moz:buildID":"20260810162159","moz:headless":true,"moz:platformVersion":"6.17.0-1022-azure","moz:processID":2329,"moz:profile":"/tmp/rust_mozprofileHJNxVY","moz:shutdownTimeout":60000,"pageLoadStrategy":"normal","timeouts":{"implicit":0,"pageLoad":300000,"script":30000},"strictFileInteractability":false,"moz:accessibilityChecks":false,"moz:webdriverClick":true,"moz:windowless":false,"proxy":{}}}]
1787598111787	webdriver::server	DEBUG	<- 200 OK {"value":{"sessionId":"30544c4d-ecfa-4191-aff9-f52077f9e7ff","capabilities":{"acceptInsecureCerts":true,"browserNam ... dPromptBehavior":"dismiss and notify","userAgent":"Mozilla/5.0 (X11; Linux x86_64; rv:153.0) Gecko/20100101 Firefox/153.0"}}}
1787598111793	webdriver::server	DEBUG	-> POST /session/30544c4d-ecfa-4191-aff9-f52077f9e7ff/timeouts {"implicit": 10000}
1787598111794	Marionette	DEBUG	0 -> [0,2,"WebDriver:SetTimeouts",{"implicit":10000}]
1787598111794	Marionette	DEBUG	0 <- [1,2,null,{"value":null}]
1787598111794	webdriver::server	DEBUG	<- 200 OK {"value":null}
1787598111795	webdriver::server	DEBUG	-> POST /session/30544c4d-ecfa-4191-aff9-f52077f9e7ff/url {"url": "https://datomatic.no-intro.org"}
1787598111795	Marionette	DEBUG	0 -> [0,3,"WebDriver:Navigate",{"url":"https://datomatic.no-intro.org"}]
1787598112714	Marionette	DEBUG	0 <- [1,3,null,{"value":null}]
1787598112716	webdriver::server	DEBUG	<- 200 OK {"value":null}
1787598112718	webdriver::server	DEBUG	-> POST /session/30544c4d-ecfa-4191-aff9-f52077f9e7ff/element {"using": "xpath", "value": "/html/body/div/header/nav/ul/li[3]/a"}
1787598112854	Marionette	DEBUG	0 -> [0,4,"WebDriver:FindElement",{"using":"xpath","value":"/html/body/div/header/nav/ul/li[3]/a"}]
1787598112895	Marionette	DEBUG	0 <- [1,4,null,{"value":{"element-6066-11e4-a52e-4f735466cecf":"1e347f55-9328-445c-be52-e6e7c277a787"}}]
1787598112896	webdriver::server	DEBUG	<- 200 OK {"value":{"element-6066-11e4-a52e-4f735466cecf":"1e347f55-9328-445c-be52-e6e7c277a787"}}
1787598112897	webdriver::server	DEBUG	-> POST /session/30544c4d-ecfa-4191-aff9-f52077f9e7ff/element/1e347f55-9328-445c-be52-e6e7c277a787/click {}
1787598112903	Marionette	DEBUG	0 -> [0,5,"WebDriver:ElementClick",{"id":"1e347f55-9328-445c-be52-e6e7c277a787"}]
console.warn: LoginRecipes: "Falling back to a synchronous message for: https://datomatic.no-intro.org."
console.warn: LoginRecipes: "Falling back to a synchronous message for: https://datomatic.no-intro.org."
console.warn: LoginRecipes: "Falling back to a synchronous message for: https://datomatic.no-intro.org."
1787598113370	Marionette	DEBUG	0 <- [1,5,null,{"value":null}]
1787598113374	webdriver::server	DEBUG	<- 200 OK {"value":null}
1787598113375	webdriver::server	DEBUG	-> POST /session/30544c4d-ecfa-4191-aff9-f52077f9e7ff/element {"using": "xpath", "value": "/html/body/div/header/table/tbody/tr/td/a[5]"}
1787598113376	Marionette	DEBUG	0 -> [0,6,"WebDriver:FindElement",{"using":"xpath","value":"/html/body/div/header/table/tbody/tr/td/a[5]"}]
1787598113377	Marionette	DEBUG	0 <- [1,6,null,{"value":{"element-6066-11e4-a52e-4f735466cecf":"81990291-ddff-4430-88c2-9092ab32dd01"}}]
1787598113378	webdriver::server	DEBUG	<- 200 OK {"value":{"element-6066-11e4-a52e-4f735466cecf":"81990291-ddff-4430-88c2-9092ab32dd01"}}
1787598113378	webdriver::server	DEBUG	-> POST /session/30544c4d-ecfa-4191-aff9-f52077f9e7ff/element/81990291-ddff-4430-88c2-9092ab32dd01/click {}
1787598113379	Marionette	DEBUG	0 -> [0,7,"WebDriver:ElementClick",{"id":"81990291-ddff-4430-88c2-9092ab32dd01"}]
console.warn: LoginRecipes: "Falling back to a synchronous message for: https://datomatic.no-intro.org."
console.warn: LoginRecipes: "Falling back to a synchronous message for: https://datomatic.no-intro.org."
1787598113555	Marionette	DEBUG	0 <- [1,7,null,{"value":null}]
1787598113558	webdriver::server	DEBUG	<- 200 OK {"value":null}
1787598113560	webdriver::server	DEBUG	-> POST /session/30544c4d-ecfa-4191-aff9-f52077f9e7ff/element {"using": "xpath", "value": "//input[@name='dat_type' and @value='dat']"}
1787598113561	Marionette	DEBUG	0 -> [0,8,"WebDriver:FindElement",{"using":"xpath","value":"//input[@name='dat_type' and @value='dat']"}]
1787598113563	Marionette	DEBUG	0 <- [1,8,null,{"value":{"element-6066-11e4-a52e-4f735466cecf":"0ef299e4-90b4-443e-bb6b-6a2df3fd51d5"}}]
1787598113563	webdriver::server	DEBUG	<- 200 OK {"value":{"element-6066-11e4-a52e-4f735466cecf":"0ef299e4-90b4-443e-bb6b-6a2df3fd51d5"}}
1787598113563	webdriver::server	DEBUG	-> POST /session/30544c4d-ecfa-4191-aff9-f52077f9e7ff/element/0ef299e4-90b4-443e-bb6b-6a2df3fd51d5/click {}
1787598113564	Marionette	DEBUG	0 -> [0,9,"WebDriver:ElementClick",{"id":"0ef299e4-90b4-443e-bb6b-6a2df3fd51d5"}]
1787598113621	Marionette	DEBUG	0 <- [1,9,null,{"value":null}]
1787598113621	webdriver::server	DEBUG	<- 200 OK {"value":null}
1787598113622	webdriver::server	DEBUG	-> POST /session/30544c4d-ecfa-4191-aff9-f52077f9e7ff/element {"using": "xpath", "value": "/html/body/div/section/article/div/form/input[7]"}
1787598113622	Marionette	DEBUG	0 -> [0,10,"WebDriver:FindElement",{"using":"xpath","value":"/html/body/div/section/article/div/form/input[7]"}]
1787598113623	Marionette	DEBUG	0 <- [1,10,null,{"value":{"element-6066-11e4-a52e-4f735466cecf":"0a1f3ca8-f3b6-495f-b237-c051f57c4b70"}}]
1787598113623	webdriver::server	DEBUG	<- 200 OK {"value":{"element-6066-11e4-a52e-4f735466cecf":"0a1f3ca8-f3b6-495f-b237-c051f57c4b70"}}
1787598113624	webdriver::server	DEBUG	-> POST /session/30544c4d-ecfa-4191-aff9-f52077f9e7ff/element/0a1f3ca8-f3b6-495f-b237-c051f57c4b70/click {}
1787598113624	Marionette	DEBUG	0 -> [0,11,"WebDriver:ElementClick",{"id":"0a1f3ca8-f3b6-495f-b237-c051f57c4b70"}]
console.warn: LoginRecipes: "Falling back to a synchronous message for: https://datomatic.no-intro.org."
console.warn: LoginRecipes: "Falling back to a synchronous message for: https://datomatic.no-intro.org."
console.warn: LoginRecipes: "Falling back to a synchronous message for: https://datomatic.no-intro.org."
console.warn: LoginRecipes: "Falling back to a synchronous message for: https://datomatic.no-intro.org."
1787598113984	Marionette	DEBUG	0 <- [1,11,null,{"value":null}]
1787598113986	webdriver::server	DEBUG	<- 200 OK {"value":null}
1787598118987	webdriver::server	DEBUG	-> POST /session/30544c4d-ecfa-4191-aff9-f52077f9e7ff/element {"using": "xpath", "value": "/html/body/div/section/article/div/form[2]/input"}
1787598118988	Marionette	DEBUG	0 -> [0,12,"WebDriver:FindElement",{"using":"xpath","value":"/html/body/div/section/article/div/form[2]/input"}]
1787598118990	Marionette	DEBUG	0 <- [1,12,null,{"value":{"element-6066-11e4-a52e-4f735466cecf":"d6d8ad91-befa-454b-990e-32bc99edf9de"}}]
1787598118990	webdriver::server	DEBUG	<- 200 OK {"value":{"element-6066-11e4-a52e-4f735466cecf":"d6d8ad91-befa-454b-990e-32bc99edf9de"}}
1787598118991	webdriver::server	DEBUG	-> POST /session/30544c4d-ecfa-4191-aff9-f52077f9e7ff/element/d6d8ad91-befa-454b-990e-32bc99edf9de/click {}
1787598118992	Marionette	DEBUG	0 -> [0,13,"WebDriver:ElementClick",{"id":"d6d8ad91-befa-454b-990e-32bc99edf9de"}]
console.warn: LoginRecipes: "Falling back to a synchronous message for: https://datomatic.no-intro.org."
console.warn: LoginRecipes: "Falling back to a synchronous message for: https://datomatic.no-intro.org."
console.warn: LoginRecipes: "Falling back to a synchronous message for: https://datomatic.no-intro.org."
console.warn: LoginRecipes: "Falling back to a synchronous message for: https://datomatic.no-intro.org."
[Parent 2329, Main Thread] WARNING: g_object_get: assertion 'G_IS_OBJECT (object)' failed: 'glib warning', file toolkit/xre/nsSigHandlers.cpp:200

(firefox:2329): GLib-GObject-CRITICAL **: 19:02:01.883: g_object_get: assertion 'G_IS_OBJECT (object)' failed
console.warn: BackupService: "There was an error while trying to get the Document's directory" [Exception... "Component returned failure code: 0x80004005 (NS_ERROR_FAILURE) [nsIProperties.get]"  nsresult: "0x80004005 (NS_ERROR_FAILURE)"  location: "JS frame :: resource:///modules/backup/BackupService.sys.mjs :: get docsDirFolderPath :: line 1299"  data: no]
JavaScript error: resource:///modules/backup/BackupService.sys.mjs, line 4380: NotAllowedError: PathUtils.join: PathUtils does not support empty paths
1787598124054	Marionette	DEBUG	0 <- [1,13,null,{"value":null}]
1787598124055	webdriver::server	DEBUG	<- 200 OK {"value":null}
1787598124057	webdriver::server	DEBUG	-> DELETE /session/30544c4d-ecfa-4191-aff9-f52077f9e7ff 
1787598124057	Marionette	DEBUG	0 -> [0,14,"Marionette:Quit",{"flags":["eForceQuit"]}]
1787598124058	Marionette	INFO	Stopped listening on port 43485
1787598124234	Marionette	DEBUG	0 <- [1,14,null,{"cause":"shutdown","forced":false,"in_app":true}]
1787598124249	Marionette	DEBUG	Marionette stopped listening
1787598124250	webdriver::server	DEBUG	Teardown session
1787598124258	Marionette	DEBUG	Closed connection 0
1787598124417	RemoteAgent	DEBUG	Resetting recommended pref apz.axis_lock.mode
1787598124417	RemoteAgent	DEBUG	Resetting recommended pref apz.content_response_timeout
1787598124417	RemoteAgent	DEBUG	Resetting recommended pref browser.backup.enabled
1787598124417	RemoteAgent	DEBUG	Resetting recommended pref browser.contentblocking.introCount
1787598124417	RemoteAgent	DEBUG	Resetting recommended pref browser.discovery.enabled
1787598124417	RemoteAgent	DEBUG	Resetting recommended pref browser.download.panel.shown
1787598124417	RemoteAgent	DEBUG	Resetting recommended pref browser.http.blank_page_with_error_response.enabled
1787598124417	RemoteAgent	DEBUG	Resetting recommended pref browser.ml.enable
JavaScript error: resource://gre/modules/PrivateBrowsingUtils.sys.mjs, line 50: TypeError: can't access property "QueryInterface", aWindow.docShell is null
1787598124418	RemoteAgent	DEBUG	Resetting recommended pref browser.newtabpage.activity-stream.asrouter.userprefs.cfr.features
1787598124418	RemoteAgent	DEBUG	Resetting recommended pref browser.newtabpage.activity-stream.testing.shouldInitializeFeeds
1787598124418	RemoteAgent	DEBUG	Resetting recommended pref browser.newtabpage.activity-stream.showSponsoredTopSites
1787598124418	RemoteAgent	DEBUG	Resetting recommended pref browser.pagethumbnails.capturing_disabled
1787598124418	RemoteAgent	DEBUG	Resetting recommended pref browser.region.network.url
1787598124418	RemoteAgent	DEBUG	Resetting recommended pref browser.safebrowsing.blockedURIs.enabled
1787598124421	RemoteAgent	DEBUG	Resetting recommended pref browser.safebrowsing.downloads.enabled
1787598124423	RemoteAgent	DEBUG	Resetting recommended pref browser.safebrowsing.malware.enabled
1787598124425	RemoteAgent	DEBUG	Resetting recommended pref browser.safebrowsing.phishing.enabled
1787598124431	RemoteAgent	DEBUG	Resetting recommended pref browser.search.update
1787598124431	RemoteAgent	DEBUG	Resetting recommended pref browser.startup.couldRestoreSession.count
1787598124431	RemoteAgent	DEBUG	Resetting recommended pref browser.tabs.remote.unloadDelayMs
1787598124431	RemoteAgent	DEBUG	Resetting recommended pref browser.tabs.unloadOnLowMemory
1787598124431	RemoteAgent	DEBUG	Resetting recommended pref browser.tabs.warnOnClose
1787598124431	RemoteAgent	DEBUG	Resetting recommended pref browser.tabs.warnOnCloseOtherTabs
1787598124431	RemoteAgent	DEBUG	Resetting recommended pref browser.tabs.warnOnOpen
1787598124431	RemoteAgent	DEBUG	Resetting recommended pref browser.toolbars.bookmarks.visibility
1787598124431	RemoteAgent	DEBUG	Resetting recommended pref browser.topsites.contile.enabled
1787598124431	RemoteAgent	DEBUG	Resetting recommended pref browser.translations.enable
1787598124431	RemoteAgent	DEBUG	Resetting recommended pref browser.usedOnWindows10.introURL
1787598124431	RemoteAgent	DEBUG	Resetting recommended pref browser.urlbar.merino.endpointURL
1787598124432	RemoteAgent	DEBUG	Resetting recommended pref browser.urlbar.merino.ohttpConfigURL
1787598124432	RemoteAgent	DEBUG	Resetting recommended pref browser.urlbar.merino.ohttpRelayURL
1787598124432	RemoteAgent	DEBUG	Resetting recommended pref browser.urlbar.suggest.searches
1787598124433	RemoteAgent	DEBUG	Resetting recommended pref datareporting.policy.dataSubmissionPolicyAccepted
1787598124433	RemoteAgent	DEBUG	Resetting recommended pref datareporting.usage.uploadEnabled
1787598124433	RemoteAgent	DEBUG	Resetting recommended pref telemetry.fog.test.localhost_port
1787598124433	RemoteAgent	DEBUG	Resetting recommended pref dom.disable_open_during_load
1787598124433	RemoteAgent	DEBUG	Resetting recommended pref dom.file.createInChild
1787598124433	RemoteAgent	DEBUG	Resetting recommended pref dom.input_events.security.minNumTicks
1787598124433	RemoteAgent	DEBUG	Resetting recommended pref dom.input_events.security.minTimeElapsedInMS
1787598124433	RemoteAgent	DEBUG	Resetting recommended pref threads.lower_mainthread_priority_in_background.enabled
1787598124433	RemoteAgent	DEBUG	Resetting recommended pref dom.ipc.processPriorityManager.enabled
1787598124433	RemoteAgent	DEBUG	Resetting recommended pref dom.max_chrome_script_run_time
1787598124433	RemoteAgent	DEBUG	Resetting recommended pref dom.max_script_run_time
1787598124433	RemoteAgent	DEBUG	Resetting recommended pref dom.navigation.navigationRateLimit.count
1787598124433	RemoteAgent	DEBUG	Resetting recommended pref dom.permissions.testing.enabled
1787598124433	RemoteAgent	DEBUG	Resetting recommended pref dom.push.connection.enabled
1787598124433	RemoteAgent	DEBUG	Resetting recommended pref dom.screenorientation.allow-lock
1787598124433	RemoteAgent	DEBUG	Resetting recommended pref dom.successive_dialog_time_limit
1787598124433	RemoteAgent	DEBUG	Resetting recommended pref extensions.formautofill.addresses.enabled
1787598124433	RemoteAgent	DEBUG	Resetting recommended pref extensions.formautofill.creditCards.enabled
1787598124433	RemoteAgent	DEBUG	Resetting recommended pref extensions.getAddons.cache.enabled
1787598124433	RemoteAgent	DEBUG	Resetting recommended pref extensions.getAddons.discovery.api_url
1787598124433	RemoteAgent	DEBUG	Resetting recommended pref extensions.blocklist.detailsURL
1787598124433	RemoteAgent	DEBUG	Resetting recommended pref extensions.blocklist.itemURL
1787598124433	RemoteAgent	DEBUG	Resetting recommended pref extensions.hotfix.url
1787598124433	RemoteAgent	DEBUG	Resetting recommended pref extensions.systemAddon.update.enabled
1787598124434	RemoteAgent	DEBUG	Resetting recommended pref extensions.update.background.url
1787598124434	RemoteAgent	DEBUG	Resetting recommended pref extensions.update.url
1787598124434	RemoteAgent	DEBUG	Resetting recommended pref extensions.getAddons.get.url
1787598124434	RemoteAgent	DEBUG	Resetting recommended pref extensions.getAddons.search.browseURL
1787598124434	RemoteAgent	DEBUG	Resetting recommended pref geo.prompt.open_system_prefs
1787598124434	RemoteAgent	DEBUG	Resetting recommended pref geo.provider.network.url
1787598124434	RemoteAgent	DEBUG	Resetting recommended pref identity.fxaccounts.auth.uri
1787598124434	RemoteAgent	DEBUG	Resetting recommended pref mousewheel.allow_scrolling_more_than_one_page
1787598124434	RemoteAgent	DEBUG	Resetting recommended pref network.captive-portal-service.enabled
1787598124434	RemoteAgent	DEBUG	Resetting recommended pref network.connectivity-service.enabled
1787598124434	RemoteAgent	DEBUG	Resetting recommended pref network.http.prompt-temp-redirect
1787598124434	RemoteAgent	DEBUG	Resetting recommended pref places.semanticHistory.featureGate
1787598124434	RemoteAgent	DEBUG	Resetting recommended pref privacy.trackingprotection.enabled
1787598124434	RemoteAgent	DEBUG	Resetting recommended pref privacy.trackingprotection.pbmode.enabled
1787598124435	RemoteAgent	DEBUG	Resetting recommended pref remote.prefs.recommended.applied
1787598124435	RemoteAgent	DEBUG	Resetting recommended pref security.fileuri.strict_origin_policy
1787598124435	RemoteAgent	DEBUG	Resetting recommended pref security.notification_enable_delay
1787598124435	RemoteAgent	DEBUG	Resetting recommended pref security.remote_settings.intermediates.enabled
1787598124435	RemoteAgent	DEBUG	Resetting recommended pref security.webauthn.related_origin_requests_mode
1787598124436	RemoteAgent	DEBUG	Resetting recommended pref services.settings.loglevel
1787598124436	RemoteAgent	DEBUG	Resetting recommended pref signon.autofillForms
1787598124436	RemoteAgent	DEBUG	Resetting recommended pref signon.management.page.breach-alerts.enabled
1787598124436	RemoteAgent	DEBUG	Resetting recommended pref signon.management.page.vulnerable-passwords.enabled
1787598124436	RemoteAgent	DEBUG	Resetting recommended pref signon.rememberSignons
1787598124436	RemoteAgent	DEBUG	Resetting recommended pref termsofuse.bypassNotification
1787598124436	RemoteAgent	DEBUG	Resetting recommended pref toolkit.telemetry.server
1787598124436	RemoteAgent	DEBUG	Resetting recommended pref widget.windows.window_occlusion_tracking.enabled
1787598124436	RemoteAgent	DEBUG	Resetting recommended pref permissions.isolateBy.userContext
1787598124550	geckodriver::browser	DEBUG	Browser process stopped: exit status: 0
1787598124551	geckodriver::browser	DEBUG	Set MINIDUMP_SAVE_PATH to store crash minidumps.
1787598124555	webdriver::server	DEBUG	<- 200 OK {"value":null}
1787598124570	webdriver::server	INFO	Shutting down
1787598124570	webdriver::server	DEBUG	Quit signal received, tearing down session
1787598124570	webdriver::server	DEBUG	Teardown session
1787598137733	geckodriver	INFO	Listening on 127.0.0.1:54361
1787598137743	webdriver::server	DEBUG	-> POST /session {"capabilities": {"firstMatch": [{}], "alwaysMatch": {"browserName": "firefox", "acceptInsecureCerts": true, ... le-generator/auto-datfile-generator", "browser.helperApps.neverAsk.saveToDisk": "application/zip"}, "args": ["-headless"]}}}}
1787598137743	geckodriver::capabilities	DEBUG	Trying to read firefox version from ini files
1787598137744	geckodriver::capabilities	DEBUG	Found version 153.0.4
1787598137744	mozrunner::runner	INFO	Running command: MOZ_CRASHREPORTER="1" MOZ_CRASHREPORTER_NO_REPORT="1" MOZ_CRASHREPORTER_SHUTDOWN="1" "/usr/bin/firefox" "--m ... ss" "--remote-debugging-port" "45025" "--remote-allow-hosts" "localhost" "-no-remote" "-profile" "/tmp/rust_mozprofileAeNpQv"
1787598137745	geckodriver::marionette	DEBUG	Waiting 60s to connect to browser on 127.0.0.1
*** You are running in headless mode.
1787598137912	RemoteAgent	DEBUG	Setting recommended pref apz.axis_lock.mode to 0
1787598137912	RemoteAgent	DEBUG	Setting recommended pref apz.content_response_timeout to 60000
1787598137912	RemoteAgent	DEBUG	Setting recommended pref browser.backup.enabled to false
1787598137912	RemoteAgent	DEBUG	Setting recommended pref browser.contentblocking.introCount to 99
1787598137912	RemoteAgent	DEBUG	Setting recommended pref browser.discovery.enabled to false
1787598137912	RemoteAgent	DEBUG	Setting recommended pref browser.download.panel.shown to true
1787598137912	RemoteAgent	DEBUG	Setting recommended pref browser.http.blank_page_with_error_response.enabled to true
1787598137912	RemoteAgent	DEBUG	Setting recommended pref browser.ml.enable to false
1787598137912	RemoteAgent	DEBUG	Setting recommended pref browser.newtabpage.activity-stream.asrouter.userprefs.cfr.features to false
1787598137912	RemoteAgent	DEBUG	Setting recommended pref browser.newtabpage.activity-stream.testing.shouldInitializeFeeds to false
1787598137912	RemoteAgent	DEBUG	Setting recommended pref browser.newtabpage.activity-stream.showSponsoredTopSites to false
1787598137912	RemoteAgent	DEBUG	Setting recommended pref browser.pagethumbnails.capturing_disabled to true
1787598137912	RemoteAgent	DEBUG	Setting recommended pref browser.region.network.url to 
1787598137912	RemoteAgent	DEBUG	Setting recommended pref browser.safebrowsing.blockedURIs.enabled to false
1787598137912	RemoteAgent	DEBUG	Setting recommended pref browser.safebrowsing.downloads.enabled to false
1787598137912	RemoteAgent	DEBUG	Setting recommended pref browser.safebrowsing.malware.enabled to false
1787598137912	RemoteAgent	DEBUG	Setting recommended pref browser.safebrowsing.phishing.enabled to false
1787598137912	RemoteAgent	DEBUG	Setting recommended pref browser.search.update to false
1787598137912	RemoteAgent	DEBUG	Setting recommended pref browser.startup.couldRestoreSession.count to -1
1787598137912	RemoteAgent	DEBUG	Setting recommended pref browser.tabs.remote.unloadDelayMs to 0
1787598137912	RemoteAgent	DEBUG	Setting recommended pref browser.tabs.unloadOnLowMemory to false
1787598137912	RemoteAgent	DEBUG	Setting recommended pref browser.tabs.warnOnClose to false
1787598137912	RemoteAgent	DEBUG	Setting recommended pref browser.tabs.warnOnCloseOtherTabs to false
1787598137912	RemoteAgent	DEBUG	Setting recommended pref browser.tabs.warnOnOpen to false
1787598137912	RemoteAgent	DEBUG	Setting recommended pref browser.toolbars.bookmarks.visibility to never
1787598137912	RemoteAgent	DEBUG	Setting recommended pref browser.topsites.contile.enabled to false
1787598137912	RemoteAgent	DEBUG	Setting recommended pref browser.translations.enable to false
1787598137915	RemoteAgent	DEBUG	Setting recommended pref browser.usedOnWindows10.introURL to 
1787598137915	RemoteAgent	DEBUG	Setting recommended pref browser.urlbar.merino.endpointURL to 
1787598137915	RemoteAgent	DEBUG	Setting recommended pref browser.urlbar.merino.ohttpConfigURL to 
1787598137915	RemoteAgent	DEBUG	Setting recommended pref browser.urlbar.merino.ohttpRelayURL to 
1787598137916	RemoteAgent	DEBUG	Setting recommended pref browser.urlbar.suggest.searches to false
1787598137916	RemoteAgent	DEBUG	Setting recommended pref datareporting.policy.dataSubmissionPolicyAccepted to false
1787598137916	RemoteAgent	DEBUG	Setting recommended pref datareporting.usage.uploadEnabled to false
1787598137916	RemoteAgent	DEBUG	Setting recommended pref telemetry.fog.test.localhost_port to -1
1787598137916	RemoteAgent	DEBUG	Setting recommended pref dom.disable_open_during_load to false
1787598137916	RemoteAgent	DEBUG	Setting recommended pref dom.file.createInChild to true
1787598137916	RemoteAgent	DEBUG	Setting recommended pref dom.input_events.security.minNumTicks to 0
1787598137916	RemoteAgent	DEBUG	Setting recommended pref dom.input_events.security.minTimeElapsedInMS to 0
1787598137916	RemoteAgent	DEBUG	Setting recommended pref threads.lower_mainthread_priority_in_background.enabled to false
1787598137916	RemoteAgent	DEBUG	Setting recommended pref dom.ipc.processPriorityManager.enabled to false
1787598137916	RemoteAgent	DEBUG	Setting recommended pref dom.max_chrome_script_run_time to 0
1787598137916	RemoteAgent	DEBUG	Setting recommended pref dom.max_script_run_time to 0
1787598137916	RemoteAgent	DEBUG	Setting recommended pref dom.navigation.navigationRateLimit.count to 0
1787598137916	RemoteAgent	DEBUG	Setting recommended pref dom.permissions.testing.enabled to true
1787598137916	RemoteAgent	DEBUG	Setting recommended pref dom.push.connection.enabled to false
1787598137916	RemoteAgent	DEBUG	Setting recommended pref dom.screenorientation.allow-lock to true
1787598137916	RemoteAgent	DEBUG	Setting recommended pref dom.successive_dialog_time_limit to 0
1787598137916	RemoteAgent	DEBUG	Setting recommended pref extensions.formautofill.addresses.enabled to false
1787598137916	RemoteAgent	DEBUG	Setting recommended pref extensions.formautofill.creditCards.enabled to false
1787598137916	RemoteAgent	DEBUG	Setting recommended pref extensions.getAddons.cache.enabled to false
1787598137916	RemoteAgent	DEBUG	Setting recommended pref extensions.getAddons.discovery.api_url to data:, 
1787598137916	RemoteAgent	DEBUG	Setting recommended pref extensions.blocklist.detailsURL to http://%(server)s/extensions-dummy/blocklistDetailsURL
1787598137916	RemoteAgent	DEBUG	Setting recommended pref extensions.blocklist.itemURL to http://%(server)s/extensions-dummy/blocklistItemURL
1787598137916	RemoteAgent	DEBUG	Setting recommended pref extensions.hotfix.url to http://%(server)s/extensions-dummy/hotfixURL
1787598137916	RemoteAgent	DEBUG	Setting recommended pref extensions.systemAddon.update.enabled to false
1787598137916	RemoteAgent	DEBUG	Setting recommended pref extensions.update.background.url to http://%(server)s/extensions-dummy/updateBackgroundURL
1787598137916	RemoteAgent	DEBUG	Setting recommended pref extensions.update.url to http://%(server)s/extensions-dummy/updateURL
1787598137916	RemoteAgent	DEBUG	Setting recommended pref extensions.getAddons.get.url to http://%(server)s/extensions-dummy/repositoryGetURL
1787598137916	RemoteAgent	DEBUG	Setting recommended pref extensions.getAddons.search.browseURL to http://%(server)s/extensions-dummy/repositoryBrowseURL
1787598137916	RemoteAgent	DEBUG	Setting recommended pref geo.prompt.open_system_prefs to false
1787598137916	RemoteAgent	DEBUG	Setting recommended pref geo.provider.network.url to 
1787598137917	RemoteAgent	DEBUG	Setting recommended pref identity.fxaccounts.auth.uri to https://{server}/dummy/fxa
1787598137917	RemoteAgent	DEBUG	Setting recommended pref mousewheel.allow_scrolling_more_than_one_page to true
1787598137917	RemoteAgent	DEBUG	Setting recommended pref network.captive-portal-service.enabled to false
1787598137917	RemoteAgent	DEBUG	Setting recommended pref network.connectivity-service.enabled to false
1787598137917	RemoteAgent	DEBUG	Setting recommended pref network.http.prompt-temp-redirect to false
1787598137917	RemoteAgent	DEBUG	Setting recommended pref places.semanticHistory.featureGate to false
1787598137917	RemoteAgent	DEBUG	Setting recommended pref privacy.trackingprotection.enabled to false
1787598137917	RemoteAgent	DEBUG	Setting recommended pref privacy.trackingprotection.pbmode.enabled to false
1787598137917	RemoteAgent	DEBUG	Setting recommended pref remote.prefs.recommended.applied to true
1787598137917	RemoteAgent	DEBUG	Setting recommended pref security.fileuri.strict_origin_policy to false
1787598137917	RemoteAgent	DEBUG	Setting recommended pref security.notification_enable_delay to 0
1787598137917	RemoteAgent	DEBUG	Setting recommended pref security.remote_settings.intermediates.enabled to false
1787598137917	RemoteAgent	DEBUG	Setting recommended pref security.webauthn.related_origin_requests_mode to 1
1787598137917	RemoteAgent	DEBUG	Setting recommended pref services.settings.loglevel to off
1787598137917	RemoteAgent	DEBUG	Setting recommended pref signon.autofillForms to false
1787598137917	RemoteAgent	DEBUG	Setting recommended pref signon.management.page.breach-alerts.enabled to false
1787598137917	RemoteAgent	DEBUG	Setting recommended pref signon.management.page.vulnerable-passwords.enabled to false
1787598137917	RemoteAgent	DEBUG	Setting recommended pref signon.rememberSignons to false
1787598137917	RemoteAgent	DEBUG	Setting recommended pref termsofuse.bypassNotification to true
1787598137917	RemoteAgent	DEBUG	Setting recommended pref toolkit.telemetry.server to https://%(server)s/telemetry-dummy/
1787598137917	RemoteAgent	DEBUG	Setting recommended pref widget.windows.window_occlusion_tracking.enabled to false
1787598137917	RemoteAgent	DEBUG	WebDriver BiDi enabled
1787598137917	Marionette	INFO	Marionette enabled
1787598138214	Marionette	INFO	Listening on port 33325
1787598138216	Marionette	DEBUG	Marionette is listening
1787598138223	RemoteAgent	DEBUG	Setting recommended pref permissions.isolateBy.userContext to true
WebDriver BiDi listening on ws://127.0.0.1:45025
Read port: 33325
1787598138278	Marionette	DEBUG	Accepted connection 0 from 127.0.0.1:37568
1787598138288	geckodriver::marionette	DEBUG	Connection to Marionette established on 127.0.0.1:33325.
1787598138306	Marionette	DEBUG	0 -> [0,1,"WebDriver:NewSession",{"acceptInsecureCerts":true,"browserName":"firefox","pageLoadStrategy":"normal"}]
1787598138330	RemoteAgent	WARN	TLS certificate errors will be ignored for this session
1787598138457	Marionette	DEBUG	Waiting for initial application window
[GFX1-]: RenderCompositorSWGL failed mapping default framebuffer, no dt
1787598139736	Marionette	DEBUG	0 <- [1,1,null,{"sessionId":"b0499173-b1af-49a0-b526-ed4068156b3c","capabilities":{"acceptInsecureCerts":true,"browserName":"firefox","browserVersion":"153.0.4","platformName":"linux","setWindowRect":true,"unhandledPromptBehavior":"dismiss and notify","userAgent":"Mozilla/5.0 (X11; Linux x86_64; rv:153.0) Gecko/20100101 Firefox/153.0","moz:buildID":"20260810162159","moz:headless":true,"moz:platformVersion":"6.17.0-1022-azure","moz:processID":2739,"moz:profile":"/tmp/rust_mozprofileAeNpQv","moz:shutdownTimeout":60000,"pageLoadStrategy":"normal","timeouts":{"implicit":0,"pageLoad":300000,"script":30000},"strictFileInteractability":false,"moz:accessibilityChecks":false,"moz:webdriverClick":true,"moz:windowless":false,"proxy":{}}}]
1787598139743	webdriver::server	DEBUG	<- 200 OK {"value":{"sessionId":"b0499173-b1af-49a0-b526-ed4068156b3c","capabilities":{"acceptInsecureCerts":true,"browserNam ... dPromptBehavior":"dismiss and notify","userAgent":"Mozilla/5.0 (X11; Linux x86_64; rv:153.0) Gecko/20100101 Firefox/153.0"}}}
1787598139745	webdriver::server	DEBUG	-> POST /session/b0499173-b1af-49a0-b526-ed4068156b3c/timeouts {"implicit": 10000}
1787598139747	Marionette	DEBUG	0 -> [0,2,"WebDriver:SetTimeouts",{"implicit":10000}]
1787598139747	Marionette	DEBUG	0 <- [1,2,null,{"value":null}]
1787598139748	webdriver::server	DEBUG	<- 200 OK {"value":null}
1787598139748	webdriver::server	DEBUG	-> POST /session/b0499173-b1af-49a0-b526-ed4068156b3c/url {"url": "https://datomatic.no-intro.org"}
1787598139749	Marionette	DEBUG	0 -> [0,3,"WebDriver:Navigate",{"url":"https://datomatic.no-intro.org"}]
console.warn: RSLoader: Recipe train-hop-co-enroll-pilot-to-beta-co-enrollment-1 not returned from collection nimbus-secure-experiments because it does not contain at least one required feature ID.
console.error: "Experiment desktop-release-rollout-show-relay-to-all-browsers-next-sign-up-modal-cta has unknown featureId: email-autocomplete-relay"
console.error: "Experiment visual-card-updates has unknown featureId: newtabRefinedCardsLayout"
console.error: "Experiment enable-nimbus-unenrollment-synchronization has unknown featureId: nimbusStore"
console.error: "Experiment private-window-visual-refresh-design-change-only has unknown featureId: feltPrivacy"
1787598140439	Marionette	DEBUG	0 <- [1,3,null,{"value":null}]
1787598140441	webdriver::server	DEBUG	<- 200 OK {"value":null}
1787598140442	webdriver::server	DEBUG	-> POST /session/b0499173-b1af-49a0-b526-ed4068156b3c/element {"using": "xpath", "value": "/html/body/div/header/nav/ul/li[3]/a"}
1787598140442	Marionette	DEBUG	0 -> [0,4,"WebDriver:FindElement",{"using":"xpath","value":"/html/body/div/header/nav/ul/li[3]/a"}]
1787598140452	Marionette	DEBUG	0 <- [1,4,null,{"value":{"element-6066-11e4-a52e-4f735466cecf":"7173cf3f-4804-4b37-96a7-a5788530c0c4"}}]
1787598140453	webdriver::server	DEBUG	<- 200 OK {"value":{"element-6066-11e4-a52e-4f735466cecf":"7173cf3f-4804-4b37-96a7-a5788530c0c4"}}
1787598140454	webdriver::server	DEBUG	-> POST /session/b0499173-b1af-49a0-b526-ed4068156b3c/element/7173cf3f-4804-4b37-96a7-a5788530c0c4/click {}
1787598140459	Marionette	DEBUG	0 -> [0,5,"WebDriver:ElementClick",{"id":"7173cf3f-4804-4b37-96a7-a5788530c0c4"}]
console.warn: LoginRecipes: "Falling back to a synchronous message for: https://datomatic.no-intro.org."
console.warn: LoginRecipes: "Falling back to a synchronous message for: https://datomatic.no-intro.org."
console.warn: LoginRecipes: "Falling back to a synchronous message for: https://datomatic.no-intro.org."
1787598140903	Marionette	DEBUG	0 <- [1,5,null,{"value":null}]
1787598140905	webdriver::server	DEBUG	<- 200 OK {"value":null}
1787598140907	webdriver::server	DEBUG	-> POST /session/b0499173-b1af-49a0-b526-ed4068156b3c/element {"using": "xpath", "value": "/html/body/div/header/table/tbody/tr/td/a[5]"}
1787598140955	Marionette	DEBUG	0 -> [0,6,"WebDriver:FindElement",{"using":"xpath","value":"/html/body/div/header/table/tbody/tr/td/a[5]"}]
1787598140960	Marionette	DEBUG	0 <- [1,6,null,{"value":{"element-6066-11e4-a52e-4f735466cecf":"771c44da-3cd4-4848-ab12-0af631463249"}}]
1787598140962	webdriver::server	DEBUG	<- 200 OK {"value":{"element-6066-11e4-a52e-4f735466cecf":"771c44da-3cd4-4848-ab12-0af631463249"}}
1787598140963	webdriver::server	DEBUG	-> POST /session/b0499173-b1af-49a0-b526-ed4068156b3c/element/771c44da-3cd4-4848-ab12-0af631463249/click {}
1787598140966	Marionette	DEBUG	0 -> [0,7,"WebDriver:ElementClick",{"id":"771c44da-3cd4-4848-ab12-0af631463249"}]
console.warn: LoginRecipes: "Falling back to a synchronous message for: https://datomatic.no-intro.org."
console.warn: LoginRecipes: "Falling back to a synchronous message for: https://datomatic.no-intro.org."
1787598141136	Marionette	DEBUG	0 <- [1,7,null,{"value":null}]
1787598141138	webdriver::server	DEBUG	<- 200 OK {"value":null}
1787598141139	webdriver::server	DEBUG	-> POST /session/b0499173-b1af-49a0-b526-ed4068156b3c/element {"using": "xpath", "value": "//input[@name='dat_type' and @value='pc']"}
1787598141139	Marionette	DEBUG	0 -> [0,8,"WebDriver:FindElement",{"using":"xpath","value":"//input[@name='dat_type' and @value='pc']"}]
1787598141141	Marionette	DEBUG	0 <- [1,8,null,{"value":{"element-6066-11e4-a52e-4f735466cecf":"0000c349-12ec-4843-8a6c-b0695310d702"}}]
1787598141141	webdriver::server	DEBUG	<- 200 OK {"value":{"element-6066-11e4-a52e-4f735466cecf":"0000c349-12ec-4843-8a6c-b0695310d702"}}
1787598141142	webdriver::server	DEBUG	-> POST /session/b0499173-b1af-49a0-b526-ed4068156b3c/element/0000c349-12ec-4843-8a6c-b0695310d702/click {}
1787598141142	Marionette	DEBUG	0 -> [0,9,"WebDriver:ElementClick",{"id":"0000c349-12ec-4843-8a6c-b0695310d702"}]
console.warn: LoginRecipes: "Falling back to a synchronous message for: https://datomatic.no-intro.org."
console.warn: LoginRecipes: "Falling back to a synchronous message for: https://datomatic.no-intro.org."
console.warn: LoginRecipes: "Falling back to a synchronous message for: https://datomatic.no-intro.org."
1787598141292	Marionette	DEBUG	0 <- [1,9,null,{"value":null}]
1787598141297	webdriver::server	DEBUG	<- 200 OK {"value":null}
1787598141298	webdriver::server	DEBUG	-> POST /session/b0499173-b1af-49a0-b526-ed4068156b3c/element {"using": "xpath", "value": "/html/body/div/section/article/div/form/input[4]"}
1787598141300	Marionette	DEBUG	0 -> [0,10,"WebDriver:FindElement",{"using":"xpath","value":"/html/body/div/section/article/div/form/input[4]"}]
1787598141302	Marionette	DEBUG	0 <- [1,10,null,{"value":{"element-6066-11e4-a52e-4f735466cecf":"7c140da8-ceb0-4900-85f7-d7e4e1ff1938"}}]
console.error: [Exception... "Component is not available"  nsresult: "0x80040111 (NS_ERROR_NOT_AVAILABLE)"  location: "<unknown>"  data: no]
console.error: [Exception... "Component is not available"  nsresult: "0x80040111 (NS_ERROR_NOT_AVAILABLE)"  location: "<unknown>"  data: no]
1787598141303	webdriver::server	DEBUG	<- 200 OK {"value":{"element-6066-11e4-a52e-4f735466cecf":"7c140da8-ceb0-4900-85f7-d7e4e1ff1938"}}
1787598141304	webdriver::server	DEBUG	-> POST /session/b0499173-b1af-49a0-b526-ed4068156b3c/element/7c140da8-ceb0-4900-85f7-d7e4e1ff1938/click {}
1787598141305	Marionette	DEBUG	0 -> [0,11,"WebDriver:ElementClick",{"id":"7c140da8-ceb0-4900-85f7-d7e4e1ff1938"}]
console.warn: LoginRecipes: "Falling back to a synchronous message for: https://datomatic.no-intro.org."
console.warn: LoginRecipes: "Falling back to a synchronous message for: https://datomatic.no-intro.org."
console.warn: LoginRecipes: "Falling back to a synchronous message for: https://datomatic.no-intro.org."
1787598141645	Marionette	DEBUG	0 <- [1,11,null,{"value":null}]
1787598141647	webdriver::server	DEBUG	<- 200 OK {"value":null}
1787598146648	webdriver::server	DEBUG	-> POST /session/b0499173-b1af-49a0-b526-ed4068156b3c/element {"using": "xpath", "value": "/html/body/div/section/article/div/form[2]/input"}
1787598146649	Marionette	DEBUG	0 -> [0,12,"WebDriver:FindElement",{"using":"xpath","value":"/html/body/div/section/article/div/form[2]/input"}]
1787598146651	Marionette	DEBUG	0 <- [1,12,null,{"value":{"element-6066-11e4-a52e-4f735466cecf":"c884a8f4-4103-4a28-8428-d1d132485a48"}}]
1787598146652	webdriver::server	DEBUG	<- 200 OK {"value":{"element-6066-11e4-a52e-4f735466cecf":"c884a8f4-4103-4a28-8428-d1d132485a48"}}
1787598146653	webdriver::server	DEBUG	-> POST /session/b0499173-b1af-49a0-b526-ed4068156b3c/element/c884a8f4-4103-4a28-8428-d1d132485a48/click {}
1787598146654	Marionette	DEBUG	0 -> [0,13,"WebDriver:ElementClick",{"id":"c884a8f4-4103-4a28-8428-d1d132485a48"}]
console.warn: LoginRecipes: "Falling back to a synchronous message for: https://datomatic.no-intro.org."
console.warn: LoginRecipes: "Falling back to a synchronous message for: https://datomatic.no-intro.org."
console.warn: LoginRecipes: "Falling back to a synchronous message for: https://datomatic.no-intro.org."
console.warn: LoginRecipes: "Falling back to a synchronous message for: https://datomatic.no-intro.org."
[Parent 2739, Main Thread] WARNING: g_object_get: assertion 'G_IS_OBJECT (object)' failed: 'glib warning', file toolkit/xre/nsSigHandlers.cpp:200

(firefox:2739): GLib-GObject-CRITICAL **: 19:02:27.733: g_object_get: assertion 'G_IS_OBJECT (object)' failed
1787598152180	Marionette	DEBUG	0 <- [1,13,null,{"value":null}]
1787598152180	webdriver::server	DEBUG	<- 200 OK {"value":null}
1787598152182	webdriver::server	DEBUG	-> DELETE /session/b0499173-b1af-49a0-b526-ed4068156b3c 
1787598152183	Marionette	DEBUG	0 -> [0,14,"Marionette:Quit",{"flags":["eForceQuit"]}]
1787598152184	Marionette	INFO	Stopped listening on port 33325
1787598152359	Marionette	DEBUG	0 <- [1,14,null,{"cause":"shutdown","forced":false,"in_app":true}]
1787598152375	Marionette	DEBUG	Marionette stopped listening
1787598152376	webdriver::server	DEBUG	Teardown session
1787598152380	Marionette	DEBUG	Closed connection 0
1787598152934	RemoteAgent	DEBUG	Resetting recommended pref apz.axis_lock.mode
1787598152934	RemoteAgent	DEBUG	Resetting recommended pref apz.content_response_timeout
1787598152934	RemoteAgent	DEBUG	Resetting recommended pref browser.backup.enabled
1787598152934	RemoteAgent	DEBUG	Resetting recommended pref browser.contentblocking.introCount
1787598152934	RemoteAgent	DEBUG	Resetting recommended pref browser.discovery.enabled
1787598152934	RemoteAgent	DEBUG	Resetting recommended pref browser.download.panel.shown
1787598152934	RemoteAgent	DEBUG	Resetting recommended pref browser.http.blank_page_with_error_response.enabled
1787598152934	RemoteAgent	DEBUG	Resetting recommended pref browser.ml.enable
JavaScript error: resource://gre/modules/PrivateBrowsingUtils.sys.mjs, line 50: TypeError: can't access property "QueryInterface", aWindow.docShell is null
1787598152935	RemoteAgent	DEBUG	Resetting recommended pref browser.newtabpage.activity-stream.asrouter.userprefs.cfr.features
1787598152935	RemoteAgent	DEBUG	Resetting recommended pref browser.newtabpage.activity-stream.testing.shouldInitializeFeeds
1787598152935	RemoteAgent	DEBUG	Resetting recommended pref browser.newtabpage.activity-stream.showSponsoredTopSites
1787598152935	RemoteAgent	DEBUG	Resetting recommended pref browser.pagethumbnails.capturing_disabled
1787598152935	RemoteAgent	DEBUG	Resetting recommended pref browser.region.network.url
1787598152935	RemoteAgent	DEBUG	Resetting recommended pref browser.safebrowsing.blockedURIs.enabled
1787598152938	RemoteAgent	DEBUG	Resetting recommended pref browser.safebrowsing.downloads.enabled
1787598152940	RemoteAgent	DEBUG	Resetting recommended pref browser.safebrowsing.malware.enabled
1787598152942	RemoteAgent	DEBUG	Resetting recommended pref browser.safebrowsing.phishing.enabled
1787598152943	RemoteAgent	DEBUG	Resetting recommended pref browser.search.update
1787598152944	RemoteAgent	DEBUG	Resetting recommended pref browser.startup.couldRestoreSession.count
1787598152944	RemoteAgent	DEBUG	Resetting recommended pref browser.tabs.remote.unloadDelayMs
1787598152944	RemoteAgent	DEBUG	Resetting recommended pref browser.tabs.unloadOnLowMemory
1787598152944	RemoteAgent	DEBUG	Resetting recommended pref browser.tabs.warnOnClose
1787598152944	RemoteAgent	DEBUG	Resetting recommended pref browser.tabs.warnOnCloseOtherTabs
1787598152944	RemoteAgent	DEBUG	Resetting recommended pref browser.tabs.warnOnOpen
1787598152944	RemoteAgent	DEBUG	Resetting recommended pref browser.toolbars.bookmarks.visibility
1787598152944	RemoteAgent	DEBUG	Resetting recommended pref browser.topsites.contile.enabled
1787598152944	RemoteAgent	DEBUG	Resetting recommended pref browser.translations.enable
1787598152944	RemoteAgent	DEBUG	Resetting recommended pref browser.usedOnWindows10.introURL
1787598152944	RemoteAgent	DEBUG	Resetting recommended pref browser.urlbar.merino.endpointURL
1787598152945	RemoteAgent	DEBUG	Resetting recommended pref browser.urlbar.merino.ohttpConfigURL
1787598152945	RemoteAgent	DEBUG	Resetting recommended pref browser.urlbar.merino.ohttpRelayURL
1787598152945	RemoteAgent	DEBUG	Resetting recommended pref browser.urlbar.suggest.searches
1787598152946	RemoteAgent	DEBUG	Resetting recommended pref datareporting.policy.dataSubmissionPolicyAccepted
1787598152946	RemoteAgent	DEBUG	Resetting recommended pref datareporting.usage.uploadEnabled
1787598152946	RemoteAgent	DEBUG	Resetting recommended pref telemetry.fog.test.localhost_port
1787598152946	RemoteAgent	DEBUG	Resetting recommended pref dom.disable_open_during_load
1787598152946	RemoteAgent	DEBUG	Resetting recommended pref dom.file.createInChild
1787598152946	RemoteAgent	DEBUG	Resetting recommended pref dom.input_events.security.minNumTicks
1787598152946	RemoteAgent	DEBUG	Resetting recommended pref dom.input_events.security.minTimeElapsedInMS
1787598152946	RemoteAgent	DEBUG	Resetting recommended pref threads.lower_mainthread_priority_in_background.enabled
1787598152946	RemoteAgent	DEBUG	Resetting recommended pref dom.ipc.processPriorityManager.enabled
1787598152946	RemoteAgent	DEBUG	Resetting recommended pref dom.max_chrome_script_run_time
1787598152946	RemoteAgent	DEBUG	Resetting recommended pref dom.max_script_run_time
1787598152946	RemoteAgent	DEBUG	Resetting recommended pref dom.navigation.navigationRateLimit.count
1787598152946	RemoteAgent	DEBUG	Resetting recommended pref dom.permissions.testing.enabled
1787598152946	RemoteAgent	DEBUG	Resetting recommended pref dom.push.connection.enabled
1787598152946	RemoteAgent	DEBUG	Resetting recommended pref dom.screenorientation.allow-lock
1787598152946	RemoteAgent	DEBUG	Resetting recommended pref dom.successive_dialog_time_limit
1787598152946	RemoteAgent	DEBUG	Resetting recommended pref extensions.formautofill.addresses.enabled
1787598152946	RemoteAgent	DEBUG	Resetting recommended pref extensions.formautofill.creditCards.enabled
1787598152946	RemoteAgent	DEBUG	Resetting recommended pref extensions.getAddons.cache.enabled
1787598152946	RemoteAgent	DEBUG	Resetting recommended pref extensions.getAddons.discovery.api_url
1787598152946	RemoteAgent	DEBUG	Resetting recommended pref extensions.blocklist.detailsURL
1787598152947	RemoteAgent	DEBUG	Resetting recommended pref extensions.blocklist.itemURL
1787598152947	RemoteAgent	DEBUG	Resetting recommended pref extensions.hotfix.url
1787598152947	RemoteAgent	DEBUG	Resetting recommended pref extensions.systemAddon.update.enabled
1787598152947	RemoteAgent	DEBUG	Resetting recommended pref extensions.update.background.url
1787598152947	RemoteAgent	DEBUG	Resetting recommended pref extensions.update.url
1787598152947	RemoteAgent	DEBUG	Resetting recommended pref extensions.getAddons.get.url
1787598152947	RemoteAgent	DEBUG	Resetting recommended pref extensions.getAddons.search.browseURL
1787598152947	RemoteAgent	DEBUG	Resetting recommended pref geo.prompt.open_system_prefs
1787598152947	RemoteAgent	DEBUG	Resetting recommended pref geo.provider.network.url
1787598152947	RemoteAgent	DEBUG	Resetting recommended pref identity.fxaccounts.auth.uri
1787598152947	RemoteAgent	DEBUG	Resetting recommended pref mousewheel.allow_scrolling_more_than_one_page
1787598152947	RemoteAgent	DEBUG	Resetting recommended pref network.captive-portal-service.enabled
1787598152947	RemoteAgent	DEBUG	Resetting recommended pref network.connectivity-service.enabled
1787598152947	RemoteAgent	DEBUG	Resetting recommended pref network.http.prompt-temp-redirect
1787598152947	RemoteAgent	DEBUG	Resetting recommended pref places.semanticHistory.featureGate
1787598152947	RemoteAgent	DEBUG	Resetting recommended pref privacy.trackingprotection.enabled
1787598152947	RemoteAgent	DEBUG	Resetting recommended pref privacy.trackingprotection.pbmode.enabled
1787598152948	RemoteAgent	DEBUG	Resetting recommended pref remote.prefs.recommended.applied
1787598152948	RemoteAgent	DEBUG	Resetting recommended pref security.fileuri.strict_origin_policy
1787598152949	RemoteAgent	DEBUG	Resetting recommended pref security.notification_enable_delay
1787598152949	RemoteAgent	DEBUG	Resetting recommended pref security.remote_settings.intermediates.enabled
1787598152949	RemoteAgent	DEBUG	Resetting recommended pref security.webauthn.related_origin_requests_mode
1787598152949	RemoteAgent	DEBUG	Resetting recommended pref services.settings.loglevel
1787598152949	RemoteAgent	DEBUG	Resetting recommended pref signon.autofillForms
1787598152949	RemoteAgent	DEBUG	Resetting recommended pref signon.management.page.breach-alerts.enabled
1787598152949	RemoteAgent	DEBUG	Resetting recommended pref signon.management.page.vulnerable-passwords.enabled
1787598152949	RemoteAgent	DEBUG	Resetting recommended pref signon.rememberSignons
1787598152949	RemoteAgent	DEBUG	Resetting recommended pref termsofuse.bypassNotification
1787598152949	RemoteAgent	DEBUG	Resetting recommended pref toolkit.telemetry.server
1787598152949	RemoteAgent	DEBUG	Resetting recommended pref widget.windows.window_occlusion_tracking.enabled
1787598152950	RemoteAgent	DEBUG	Resetting recommended pref permissions.isolateBy.userContext
1787598152977	geckodriver::browser	DEBUG	Browser process stopped: exit status: 0
1787598152977	geckodriver::browser	DEBUG	Set MINIDUMP_SAVE_PATH to store crash minidumps.
1787598152981	webdriver::server	DEBUG	<- 200 OK {"value":null}
1787598152983	webdriver::server	INFO	Shutting down
1787598152983	webdriver::server	DEBUG	Quit signal received, tearing down session
1787598152983	webdriver::server	DEBUG	Teardown session
1787600442883	geckodriver	INFO	Listening on 127.0.0.1:53567
1787600442939	webdriver::server	DEBUG	-> POST /session {"capabilities": {"firstMatch": [{}], "alwaysMatch": {"browserName": "firefox", "acceptInsecureCerts": true, ... le-generator/auto-datfile-generator", "browser.helperApps.neverAsk.saveToDisk": "application/zip"}, "args": ["-headless"]}}}}
1787600442963	geckodriver::capabilities	DEBUG	Trying to read firefox version from ini files
1787600443006	geckodriver::capabilities	DEBUG	Found version 153.0.4
1787600443013	mozrunner::runner	INFO	Running command: MOZ_CRASHREPORTER="1" MOZ_CRASHREPORTER_NO_REPORT="1" MOZ_CRASHREPORTER_SHUTDOWN="1" "/usr/bin/firefox" "--m ... ss" "--remote-debugging-port" "59941" "--remote-allow-hosts" "localhost" "-no-remote" "-profile" "/tmp/rust_mozprofileEdlTpg"
1787600443013	geckodriver::marionette	DEBUG	Waiting 60s to connect to browser on 127.0.0.1
*** You are running in headless mode.
1787600450970	RemoteAgent	DEBUG	Setting recommended pref apz.axis_lock.mode to 0
1787600450970	RemoteAgent	DEBUG	Setting recommended pref apz.content_response_timeout to 60000
1787600450971	RemoteAgent	DEBUG	Setting recommended pref browser.backup.enabled to false
1787600450971	RemoteAgent	DEBUG	Setting recommended pref browser.contentblocking.introCount to 99
1787600450971	RemoteAgent	DEBUG	Setting recommended pref browser.discovery.enabled to false
1787600450971	RemoteAgent	DEBUG	Setting recommended pref browser.download.panel.shown to true
1787600450971	RemoteAgent	DEBUG	Setting recommended pref browser.http.blank_page_with_error_response.enabled to true
1787600450971	RemoteAgent	DEBUG	Setting recommended pref browser.ml.enable to false
1787600450971	RemoteAgent	DEBUG	Setting recommended pref browser.newtabpage.activity-stream.asrouter.userprefs.cfr.features to false
1787600450971	RemoteAgent	DEBUG	Setting recommended pref browser.newtabpage.activity-stream.testing.shouldInitializeFeeds to false
1787600450971	RemoteAgent	DEBUG	Setting recommended pref browser.newtabpage.activity-stream.showSponsoredTopSites to false
1787600450971	RemoteAgent	DEBUG	Setting recommended pref browser.pagethumbnails.capturing_disabled to true
1787600450971	RemoteAgent	DEBUG	Setting recommended pref browser.region.network.url to 
1787600450971	RemoteAgent	DEBUG	Setting recommended pref browser.safebrowsing.blockedURIs.enabled to false
1787600450971	RemoteAgent	DEBUG	Setting recommended pref browser.safebrowsing.downloads.enabled to false
1787600450971	RemoteAgent	DEBUG	Setting recommended pref browser.safebrowsing.malware.enabled to false
1787600450971	RemoteAgent	DEBUG	Setting recommended pref browser.safebrowsing.phishing.enabled to false
1787600450971	RemoteAgent	DEBUG	Setting recommended pref browser.search.update to false
1787600450971	RemoteAgent	DEBUG	Setting recommended pref browser.startup.couldRestoreSession.count to -1
1787600450971	RemoteAgent	DEBUG	Setting recommended pref browser.tabs.remote.unloadDelayMs to 0
1787600450971	RemoteAgent	DEBUG	Setting recommended pref browser.tabs.unloadOnLowMemory to false
1787600450971	RemoteAgent	DEBUG	Setting recommended pref browser.tabs.warnOnClose to false
1787600450971	RemoteAgent	DEBUG	Setting recommended pref browser.tabs.warnOnCloseOtherTabs to false
1787600450971	RemoteAgent	DEBUG	Setting recommended pref browser.tabs.warnOnOpen to false
1787600450971	RemoteAgent	DEBUG	Setting recommended pref browser.toolbars.bookmarks.visibility to never
1787600450971	RemoteAgent	DEBUG	Setting recommended pref browser.topsites.contile.enabled to false
1787600450971	RemoteAgent	DEBUG	Setting recommended pref browser.translations.enable to false
1787600450986	RemoteAgent	DEBUG	Setting recommended pref browser.usedOnWindows10.introURL to 
1787600450986	RemoteAgent	DEBUG	Setting recommended pref browser.urlbar.merino.endpointURL to 
1787600450986	RemoteAgent	DEBUG	Setting recommended pref browser.urlbar.merino.ohttpConfigURL to 
1787600450986	RemoteAgent	DEBUG	Setting recommended pref browser.urlbar.merino.ohttpRelayURL to 
1787600450986	RemoteAgent	DEBUG	Setting recommended pref browser.urlbar.suggest.searches to false
1787600450986	RemoteAgent	DEBUG	Setting recommended pref datareporting.policy.dataSubmissionPolicyAccepted to false
1787600450986	RemoteAgent	DEBUG	Setting recommended pref datareporting.usage.uploadEnabled to false
1787600450987	RemoteAgent	DEBUG	Setting recommended pref telemetry.fog.test.localhost_port to -1
1787600450987	RemoteAgent	DEBUG	Setting recommended pref dom.disable_open_during_load to false
1787600450987	RemoteAgent	DEBUG	Setting recommended pref dom.file.createInChild to true
1787600450987	RemoteAgent	DEBUG	Setting recommended pref dom.input_events.security.minNumTicks to 0
1787600450987	RemoteAgent	DEBUG	Setting recommended pref dom.input_events.security.minTimeElapsedInMS to 0
1787600450987	RemoteAgent	DEBUG	Setting recommended pref threads.lower_mainthread_priority_in_background.enabled to false
1787600450987	RemoteAgent	DEBUG	Setting recommended pref dom.ipc.processPriorityManager.enabled to false
1787600450987	RemoteAgent	DEBUG	Setting recommended pref dom.max_chrome_script_run_time to 0
1787600450987	RemoteAgent	DEBUG	Setting recommended pref dom.max_script_run_time to 0
1787600450987	RemoteAgent	DEBUG	Setting recommended pref dom.navigation.navigationRateLimit.count to 0
1787600450987	RemoteAgent	DEBUG	Setting recommended pref dom.permissions.testing.enabled to true
1787600450987	RemoteAgent	DEBUG	Setting recommended pref dom.push.connection.enabled to false
1787600450987	RemoteAgent	DEBUG	Setting recommended pref dom.screenorientation.allow-lock to true
1787600450987	RemoteAgent	DEBUG	Setting recommended pref dom.successive_dialog_time_limit to 0
1787600450987	RemoteAgent	DEBUG	Setting recommended pref extensions.formautofill.addresses.enabled to false
1787600450987	RemoteAgent	DEBUG	Setting recommended pref extensions.formautofill.creditCards.enabled to false
1787600450987	RemoteAgent	DEBUG	Setting recommended pref extensions.getAddons.cache.enabled to false
1787600450987	RemoteAgent	DEBUG	Setting recommended pref extensions.getAddons.discovery.api_url to data:, 
1787600450987	RemoteAgent	DEBUG	Setting recommended pref extensions.blocklist.detailsURL to http://%(server)s/extensions-dummy/blocklistDetailsURL
1787600450987	RemoteAgent	DEBUG	Setting recommended pref extensions.blocklist.itemURL to http://%(server)s/extensions-dummy/blocklistItemURL
1787600450987	RemoteAgent	DEBUG	Setting recommended pref extensions.hotfix.url to http://%(server)s/extensions-dummy/hotfixURL
1787600450987	RemoteAgent	DEBUG	Setting recommended pref extensions.systemAddon.update.enabled to false
1787600450987	RemoteAgent	DEBUG	Setting recommended pref extensions.update.background.url to http://%(server)s/extensions-dummy/updateBackgroundURL
1787600450987	RemoteAgent	DEBUG	Setting recommended pref extensions.update.url to http://%(server)s/extensions-dummy/updateURL
1787600450987	RemoteAgent	DEBUG	Setting recommended pref extensions.getAddons.get.url to http://%(server)s/extensions-dummy/repositoryGetURL
1787600450987	RemoteAgent	DEBUG	Setting recommended pref extensions.getAddons.search.browseURL to http://%(server)s/extensions-dummy/repositoryBrowseURL
1787600450987	RemoteAgent	DEBUG	Setting recommended pref geo.prompt.open_system_prefs to false
1787600450987	RemoteAgent	DEBUG	Setting recommended pref geo.provider.network.url to 
1787600450988	RemoteAgent	DEBUG	Setting recommended pref identity.fxaccounts.auth.uri to https://{server}/dummy/fxa
1787600450988	RemoteAgent	DEBUG	Setting recommended pref mousewheel.allow_scrolling_more_than_one_page to true
1787600450988	RemoteAgent	DEBUG	Setting recommended pref network.captive-portal-service.enabled to false
1787600450988	RemoteAgent	DEBUG	Setting recommended pref network.connectivity-service.enabled to false
1787600450988	RemoteAgent	DEBUG	Setting recommended pref network.http.prompt-temp-redirect to false
1787600450988	RemoteAgent	DEBUG	Setting recommended pref places.semanticHistory.featureGate to false
1787600450988	RemoteAgent	DEBUG	Setting recommended pref privacy.trackingprotection.enabled to false
1787600450988	RemoteAgent	DEBUG	Setting recommended pref privacy.trackingprotection.pbmode.enabled to false
1787600450988	RemoteAgent	DEBUG	Setting recommended pref remote.prefs.recommended.applied to true
1787600450988	RemoteAgent	DEBUG	Setting recommended pref security.fileuri.strict_origin_policy to false
1787600450988	RemoteAgent	DEBUG	Setting recommended pref security.notification_enable_delay to 0
1787600450988	RemoteAgent	DEBUG	Setting recommended pref security.remote_settings.intermediates.enabled to false
1787600450988	RemoteAgent	DEBUG	Setting recommended pref security.webauthn.related_origin_requests_mode to 1
1787600450988	RemoteAgent	DEBUG	Setting recommended pref services.settings.loglevel to off
1787600450988	RemoteAgent	DEBUG	Setting recommended pref signon.autofillForms to false
1787600450988	RemoteAgent	DEBUG	Setting recommended pref signon.management.page.breach-alerts.enabled to false
1787600450988	RemoteAgent	DEBUG	Setting recommended pref signon.management.page.vulnerable-passwords.enabled to false
1787600450988	RemoteAgent	DEBUG	Setting recommended pref signon.rememberSignons to false
1787600450988	RemoteAgent	DEBUG	Setting recommended pref termsofuse.bypassNotification to true
1787600450988	RemoteAgent	DEBUG	Setting recommended pref toolkit.telemetry.server to https://%(server)s/telemetry-dummy/
1787600450988	RemoteAgent	DEBUG	Setting recommended pref widget.windows.window_occlusion_tracking.enabled to false
1787600450994	RemoteAgent	DEBUG	WebDriver BiDi enabled
1787600450994	Marionette	INFO	Marionette enabled
1787600452219	Marionette	INFO	Listening on port 44941
1787600452221	Marionette	DEBUG	Marionette is listening
1787600452280	RemoteAgent	DEBUG	Setting recommended pref permissions.isolateBy.userContext to true
WebDriver BiDi listening on ws://127.0.0.1:59941
Read port: 44941
1787600452369	Marionette	DEBUG	Accepted connection 0 from 127.0.0.1:55684
1787600452391	geckodriver::marionette	DEBUG	Connection to Marionette established on 127.0.0.1:44941.
1787600452501	Marionette	DEBUG	0 -> [0,1,"WebDriver:NewSession",{"acceptInsecureCerts":true,"browserName":"firefox","pageLoadStrategy":"normal"}]
1787600452504	RemoteAgent	WARN	TLS certificate errors will be ignored for this session
1787600452581	Marionette	DEBUG	Waiting for initial application window
[GFX1-]: RenderCompositorSWGL failed mapping default framebuffer, no dt
console.warn: RSLoader: Recipe train-hop-co-enroll-pilot-to-beta-co-enrollment-1 not returned from collection nimbus-secure-experiments because it does not contain at least one required feature ID.
console.error: "Experiment desktop-release-rollout-show-relay-to-all-browsers-next-sign-up-modal-cta has unknown featureId: email-autocomplete-relay"
console.error: "Experiment visual-card-updates has unknown featureId: newtabRefinedCardsLayout"
console.error: "Experiment enable-nimbus-unenrollment-synchronization has unknown featureId: nimbusStore"
console.error: "Experiment private-window-visual-refresh-design-change-only has unknown featureId: feltPrivacy"
1787600456789	Marionette	DEBUG	0 <- [1,1,null,{"sessionId":"34d4f4f3-72a9-4c47-9dd3-cc8fa2dea7e1","capabilities":{"acceptInsecureCerts":true,"browserName":"firefox","browserVersion":"153.0.4","platformName":"linux","setWindowRect":true,"unhandledPromptBehavior":"dismiss and notify","userAgent":"Mozilla/5.0 (X11; Linux x86_64; rv:153.0) Gecko/20100101 Firefox/153.0","moz:buildID":"20260810162159","moz:headless":true,"moz:platformVersion":"6.17.0-1022-azure","moz:processID":2404,"moz:profile":"/tmp/rust_mozprofileEdlTpg","moz:shutdownTimeout":60000,"pageLoadStrategy":"normal","timeouts":{"implicit":0,"pageLoad":300000,"script":30000},"strictFileInteractability":false,"moz:accessibilityChecks":false,"moz:webdriverClick":true,"moz:windowless":false,"proxy":{}}}]
1787600456793	webdriver::server	DEBUG	<- 200 OK {"value":{"sessionId":"34d4f4f3-72a9-4c47-9dd3-cc8fa2dea7e1","capabilities":{"acceptInsecureCerts":true,"browserNam ... dPromptBehavior":"dismiss and notify","userAgent":"Mozilla/5.0 (X11; Linux x86_64; rv:153.0) Gecko/20100101 Firefox/153.0"}}}
1787600456800	webdriver::server	DEBUG	-> POST /session/34d4f4f3-72a9-4c47-9dd3-cc8fa2dea7e1/timeouts {"implicit": 10000}
1787600456801	Marionette	DEBUG	0 -> [0,2,"WebDriver:SetTimeouts",{"implicit":10000}]
1787600456801	Marionette	DEBUG	0 <- [1,2,null,{"value":null}]
1787600456802	webdriver::server	DEBUG	<- 200 OK {"value":null}
1787600456803	webdriver::server	DEBUG	-> POST /session/34d4f4f3-72a9-4c47-9dd3-cc8fa2dea7e1/url {"url": "https://datomatic.no-intro.org"}
1787600456803	Marionette	DEBUG	0 -> [0,3,"WebDriver:Navigate",{"url":"https://datomatic.no-intro.org"}]
1787600460468	Marionette	DEBUG	0 <- [1,3,null,{"value":null}]
1787600460470	webdriver::server	DEBUG	<- 200 OK {"value":null}
1787600460471	webdriver::server	DEBUG	-> POST /session/34d4f4f3-72a9-4c47-9dd3-cc8fa2dea7e1/element {"using": "xpath", "value": "/html/body/div/header/nav/ul/li[3]/a"}
1787600460472	Marionette	DEBUG	0 -> [0,4,"WebDriver:FindElement",{"using":"xpath","value":"/html/body/div/header/nav/ul/li[3]/a"}]
1787600460488	Marionette	DEBUG	0 <- [1,4,null,{"value":{"element-6066-11e4-a52e-4f735466cecf":"6f5b2673-8bb2-4dd7-a7f2-f06ec0ac85c9"}}]
1787600460491	webdriver::server	DEBUG	<- 200 OK {"value":{"element-6066-11e4-a52e-4f735466cecf":"6f5b2673-8bb2-4dd7-a7f2-f06ec0ac85c9"}}
1787600460493	webdriver::server	DEBUG	-> POST /session/34d4f4f3-72a9-4c47-9dd3-cc8fa2dea7e1/element/6f5b2673-8bb2-4dd7-a7f2-f06ec0ac85c9/click {}
1787600460495	Marionette	DEBUG	0 -> [0,5,"WebDriver:ElementClick",{"id":"6f5b2673-8bb2-4dd7-a7f2-f06ec0ac85c9"}]
console.warn: LoginRecipes: "Falling back to a synchronous message for: https://datomatic.no-intro.org."
console.warn: LoginRecipes: "Falling back to a synchronous message for: https://datomatic.no-intro.org."
console.warn: LoginRecipes: "Falling back to a synchronous message for: https://datomatic.no-intro.org."
1787600462318	Marionette	DEBUG	0 <- [1,5,null,{"value":null}]
1787600462320	webdriver::server	DEBUG	<- 200 OK {"value":null}
1787600462322	webdriver::server	DEBUG	-> POST /session/34d4f4f3-72a9-4c47-9dd3-cc8fa2dea7e1/element {"using": "xpath", "value": "/html/body/div/header/table/tbody/tr/td/a[5]"}
1787600462324	Marionette	DEBUG	0 -> [0,6,"WebDriver:FindElement",{"using":"xpath","value":"/html/body/div/header/table/tbody/tr/td/a[5]"}]
1787600462328	Marionette	DEBUG	0 <- [1,6,null,{"value":{"element-6066-11e4-a52e-4f735466cecf":"f5530492-f00f-49d9-9f83-a5fc03f34b4e"}}]
1787600462329	webdriver::server	DEBUG	<- 200 OK {"value":{"element-6066-11e4-a52e-4f735466cecf":"f5530492-f00f-49d9-9f83-a5fc03f34b4e"}}
1787600462330	webdriver::server	DEBUG	-> POST /session/34d4f4f3-72a9-4c47-9dd3-cc8fa2dea7e1/element/f5530492-f00f-49d9-9f83-a5fc03f34b4e/click {}
1787600462331	Marionette	DEBUG	0 -> [0,7,"WebDriver:ElementClick",{"id":"f5530492-f00f-49d9-9f83-a5fc03f34b4e"}]
console.warn: LoginRecipes: "Falling back to a synchronous message for: https://datomatic.no-intro.org."
console.warn: LoginRecipes: "Falling back to a synchronous message for: https://datomatic.no-intro.org."
1787600463956	Marionette	DEBUG	0 <- [1,7,null,{"value":null}]
1787600463958	webdriver::server	DEBUG	<- 200 OK {"value":null}
1787600463960	webdriver::server	DEBUG	-> POST /session/34d4f4f3-72a9-4c47-9dd3-cc8fa2dea7e1/element {"using": "xpath", "value": "//input[@name='dat_type' and @value='dat']"}
1787600463963	Marionette	DEBUG	0 -> [0,8,"WebDriver:FindElement",{"using":"xpath","value":"//input[@name='dat_type' and @value='dat']"}]
1787600463965	Marionette	DEBUG	0 <- [1,8,null,{"value":{"element-6066-11e4-a52e-4f735466cecf":"99d418d4-ae3f-45bd-8592-6943da6c89cb"}}]
1787600463967	webdriver::server	DEBUG	<- 200 OK {"value":{"element-6066-11e4-a52e-4f735466cecf":"99d418d4-ae3f-45bd-8592-6943da6c89cb"}}
1787600463968	webdriver::server	DEBUG	-> POST /session/34d4f4f3-72a9-4c47-9dd3-cc8fa2dea7e1/element/99d418d4-ae3f-45bd-8592-6943da6c89cb/click {}
1787600463969	Marionette	DEBUG	0 -> [0,9,"WebDriver:ElementClick",{"id":"99d418d4-ae3f-45bd-8592-6943da6c89cb"}]
1787600464031	Marionette	DEBUG	0 <- [1,9,null,{"value":null}]
1787600464031	webdriver::server	DEBUG	<- 200 OK {"value":null}
1787600464032	webdriver::server	DEBUG	-> POST /session/34d4f4f3-72a9-4c47-9dd3-cc8fa2dea7e1/element {"using": "xpath", "value": "/html/body/div/section/article/div/form/input[7]"}
1787600464033	Marionette	DEBUG	0 -> [0,10,"WebDriver:FindElement",{"using":"xpath","value":"/html/body/div/section/article/div/form/input[7]"}]
1787600464034	Marionette	DEBUG	0 <- [1,10,null,{"value":{"element-6066-11e4-a52e-4f735466cecf":"23a16318-db66-4f4e-81b3-f5713830ca2b"}}]
1787600464034	webdriver::server	DEBUG	<- 200 OK {"value":{"element-6066-11e4-a52e-4f735466cecf":"23a16318-db66-4f4e-81b3-f5713830ca2b"}}
1787600464035	webdriver::server	DEBUG	-> POST /session/34d4f4f3-72a9-4c47-9dd3-cc8fa2dea7e1/element/23a16318-db66-4f4e-81b3-f5713830ca2b/click {}
1787600464036	Marionette	DEBUG	0 -> [0,11,"WebDriver:ElementClick",{"id":"23a16318-db66-4f4e-81b3-f5713830ca2b"}]
console.warn: LoginRecipes: "Falling back to a synchronous message for: https://datomatic.no-intro.org."
console.warn: LoginRecipes: "Falling back to a synchronous message for: https://datomatic.no-intro.org."
console.warn: LoginRecipes: "Falling back to a synchronous message for: https://datomatic.no-intro.org."
console.warn: LoginRecipes: "Falling back to a synchronous message for: https://datomatic.no-intro.org."
console.warn: BackupService: "There was an error while trying to get the Document's directory" [Exception... "Component returned failure code: 0x80004005 (NS_ERROR_FAILURE) [nsIProperties.get]"  nsresult: "0x80004005 (NS_ERROR_FAILURE)"  location: "JS frame :: resource:///modules/backup/BackupService.sys.mjs :: get docsDirFolderPath :: line 1299"  data: no]
JavaScript error: resource:///modules/backup/BackupService.sys.mjs, line 4380: NotAllowedError: PathUtils.join: PathUtils does not support empty paths
1787600467432	Marionette	DEBUG	0 <- [1,11,null,{"value":null}]
1787600467435	webdriver::server	DEBUG	<- 200 OK {"value":null}
1787600472436	webdriver::server	DEBUG	-> POST /session/34d4f4f3-72a9-4c47-9dd3-cc8fa2dea7e1/element {"using": "xpath", "value": "/html/body/div/section/article/div/form[2]/input"}
1787600472437	Marionette	DEBUG	0 -> [0,12,"WebDriver:FindElement",{"using":"xpath","value":"/html/body/div/section/article/div/form[2]/input"}]
1787600472439	Marionette	DEBUG	0 <- [1,12,null,{"value":{"element-6066-11e4-a52e-4f735466cecf":"f10dd5c6-6134-46c6-9504-f586e5be1954"}}]
1787600472439	webdriver::server	DEBUG	<- 200 OK {"value":{"element-6066-11e4-a52e-4f735466cecf":"f10dd5c6-6134-46c6-9504-f586e5be1954"}}
1787600472440	webdriver::server	DEBUG	-> POST /session/34d4f4f3-72a9-4c47-9dd3-cc8fa2dea7e1/element/f10dd5c6-6134-46c6-9504-f586e5be1954/click {}
1787600472440	Marionette	DEBUG	0 -> [0,13,"WebDriver:ElementClick",{"id":"f10dd5c6-6134-46c6-9504-f586e5be1954"}]
console.warn: LoginRecipes: "Falling back to a synchronous message for: https://datomatic.no-intro.org."
console.warn: LoginRecipes: "Falling back to a synchronous message for: https://datomatic.no-intro.org."
console.warn: LoginRecipes: "Falling back to a synchronous message for: https://datomatic.no-intro.org."
console.warn: LoginRecipes: "Falling back to a synchronous message for: https://datomatic.no-intro.org."
[Parent 2404, Main Thread] WARNING: g_object_get: assertion 'G_IS_OBJECT (object)' failed: 'glib warning', file toolkit/xre/nsSigHandlers.cpp:200

(firefox:2404): GLib-GObject-CRITICAL **: 19:41:17.156: g_object_get: assertion 'G_IS_OBJECT (object)' failed
1787600477557	Marionette	DEBUG	0 <- [1,13,null,{"value":null}]
1787600477557	webdriver::server	DEBUG	<- 200 OK {"value":null}
1787600477560	webdriver::server	DEBUG	-> DELETE /session/34d4f4f3-72a9-4c47-9dd3-cc8fa2dea7e1 
1787600477561	Marionette	DEBUG	0 -> [0,14,"Marionette:Quit",{"flags":["eForceQuit"]}]
1787600477562	Marionette	INFO	Stopped listening on port 44941
1787600477809	Marionette	DEBUG	0 <- [1,14,null,{"cause":"shutdown","forced":false,"in_app":true}]
1787600477827	Marionette	DEBUG	Marionette stopped listening
1787600477829	webdriver::server	DEBUG	Teardown session
1787600477834	Marionette	DEBUG	Closed connection 0
1787600477953	RemoteAgent	DEBUG	Resetting recommended pref apz.axis_lock.mode
1787600477954	RemoteAgent	DEBUG	Resetting recommended pref apz.content_response_timeout
1787600477954	RemoteAgent	DEBUG	Resetting recommended pref browser.backup.enabled
1787600477954	RemoteAgent	DEBUG	Resetting recommended pref browser.contentblocking.introCount
1787600477954	RemoteAgent	DEBUG	Resetting recommended pref browser.discovery.enabled
1787600477954	RemoteAgent	DEBUG	Resetting recommended pref browser.download.panel.shown
1787600477954	RemoteAgent	DEBUG	Resetting recommended pref browser.http.blank_page_with_error_response.enabled
1787600477954	RemoteAgent	DEBUG	Resetting recommended pref browser.ml.enable
JavaScript error: resource://gre/modules/PrivateBrowsingUtils.sys.mjs, line 50: TypeError: can't access property "QueryInterface", aWindow.docShell is null
1787600477955	RemoteAgent	DEBUG	Resetting recommended pref browser.newtabpage.activity-stream.asrouter.userprefs.cfr.features
1787600477955	RemoteAgent	DEBUG	Resetting recommended pref browser.newtabpage.activity-stream.testing.shouldInitializeFeeds
1787600477955	RemoteAgent	DEBUG	Resetting recommended pref browser.newtabpage.activity-stream.showSponsoredTopSites
1787600477955	RemoteAgent	DEBUG	Resetting recommended pref browser.pagethumbnails.capturing_disabled
1787600477955	RemoteAgent	DEBUG	Resetting recommended pref browser.region.network.url
1787600477955	RemoteAgent	DEBUG	Resetting recommended pref browser.safebrowsing.blockedURIs.enabled
1787600477960	RemoteAgent	DEBUG	Resetting recommended pref browser.safebrowsing.downloads.enabled
1787600477963	RemoteAgent	DEBUG	Resetting recommended pref browser.safebrowsing.malware.enabled
1787600477966	RemoteAgent	DEBUG	Resetting recommended pref browser.safebrowsing.phishing.enabled
1787600477968	RemoteAgent	DEBUG	Resetting recommended pref browser.search.update
1787600477968	RemoteAgent	DEBUG	Resetting recommended pref browser.startup.couldRestoreSession.count
1787600477968	RemoteAgent	DEBUG	Resetting recommended pref browser.tabs.remote.unloadDelayMs
1787600477968	RemoteAgent	DEBUG	Resetting recommended pref browser.tabs.unloadOnLowMemory
1787600477968	RemoteAgent	DEBUG	Resetting recommended pref browser.tabs.warnOnClose
1787600477968	RemoteAgent	DEBUG	Resetting recommended pref browser.tabs.warnOnCloseOtherTabs
1787600477968	RemoteAgent	DEBUG	Resetting recommended pref browser.tabs.warnOnOpen
1787600477968	RemoteAgent	DEBUG	Resetting recommended pref browser.toolbars.bookmarks.visibility
1787600477968	RemoteAgent	DEBUG	Resetting recommended pref browser.topsites.contile.enabled
1787600477969	RemoteAgent	DEBUG	Resetting recommended pref browser.translations.enable
1787600477969	RemoteAgent	DEBUG	Resetting recommended pref browser.usedOnWindows10.introURL
1787600477969	RemoteAgent	DEBUG	Resetting recommended pref browser.urlbar.merino.endpointURL
1787600477970	RemoteAgent	DEBUG	Resetting recommended pref browser.urlbar.merino.ohttpConfigURL
1787600477970	RemoteAgent	DEBUG	Resetting recommended pref browser.urlbar.merino.ohttpRelayURL
1787600477971	RemoteAgent	DEBUG	Resetting recommended pref browser.urlbar.suggest.searches
1787600477971	RemoteAgent	DEBUG	Resetting recommended pref datareporting.policy.dataSubmissionPolicyAccepted
1787600477971	RemoteAgent	DEBUG	Resetting recommended pref datareporting.usage.uploadEnabled
1787600477971	RemoteAgent	DEBUG	Resetting recommended pref telemetry.fog.test.localhost_port
1787600477971	RemoteAgent	DEBUG	Resetting recommended pref dom.disable_open_during_load
1787600477971	RemoteAgent	DEBUG	Resetting recommended pref dom.file.createInChild
1787600477971	RemoteAgent	DEBUG	Resetting recommended pref dom.input_events.security.minNumTicks
1787600477971	RemoteAgent	DEBUG	Resetting recommended pref dom.input_events.security.minTimeElapsedInMS
1787600477971	RemoteAgent	DEBUG	Resetting recommended pref threads.lower_mainthread_priority_in_background.enabled
1787600477971	RemoteAgent	DEBUG	Resetting recommended pref dom.ipc.processPriorityManager.enabled
1787600477971	RemoteAgent	DEBUG	Resetting recommended pref dom.max_chrome_script_run_time
1787600477971	RemoteAgent	DEBUG	Resetting recommended pref dom.max_script_run_time
1787600477972	RemoteAgent	DEBUG	Resetting recommended pref dom.navigation.navigationRateLimit.count
1787600477972	RemoteAgent	DEBUG	Resetting recommended pref dom.permissions.testing.enabled
1787600477972	RemoteAgent	DEBUG	Resetting recommended pref dom.push.connection.enabled
1787600477972	RemoteAgent	DEBUG	Resetting recommended pref dom.screenorientation.allow-lock
1787600477972	RemoteAgent	DEBUG	Resetting recommended pref dom.successive_dialog_time_limit
1787600477972	RemoteAgent	DEBUG	Resetting recommended pref extensions.formautofill.addresses.enabled
1787600477972	RemoteAgent	DEBUG	Resetting recommended pref extensions.formautofill.creditCards.enabled
1787600477972	RemoteAgent	DEBUG	Resetting recommended pref extensions.getAddons.cache.enabled
1787600477972	RemoteAgent	DEBUG	Resetting recommended pref extensions.getAddons.discovery.api_url
1787600477972	RemoteAgent	DEBUG	Resetting recommended pref extensions.blocklist.detailsURL
1787600477973	RemoteAgent	DEBUG	Resetting recommended pref extensions.blocklist.itemURL
1787600477973	RemoteAgent	DEBUG	Resetting recommended pref extensions.hotfix.url
1787600477973	RemoteAgent	DEBUG	Resetting recommended pref extensions.systemAddon.update.enabled
1787600477973	RemoteAgent	DEBUG	Resetting recommended pref extensions.update.background.url
1787600477973	RemoteAgent	DEBUG	Resetting recommended pref extensions.update.url
1787600477973	RemoteAgent	DEBUG	Resetting recommended pref extensions.getAddons.get.url
1787600477973	RemoteAgent	DEBUG	Resetting recommended pref extensions.getAddons.search.browseURL
1787600477973	RemoteAgent	DEBUG	Resetting recommended pref geo.prompt.open_system_prefs
1787600477973	RemoteAgent	DEBUG	Resetting recommended pref geo.provider.network.url
1787600477973	RemoteAgent	DEBUG	Resetting recommended pref identity.fxaccounts.auth.uri
1787600477973	RemoteAgent	DEBUG	Resetting recommended pref mousewheel.allow_scrolling_more_than_one_page
1787600477974	RemoteAgent	DEBUG	Resetting recommended pref network.captive-portal-service.enabled
1787600477974	RemoteAgent	DEBUG	Resetting recommended pref network.connectivity-service.enabled
1787600477974	RemoteAgent	DEBUG	Resetting recommended pref network.http.prompt-temp-redirect
1787600477974	RemoteAgent	DEBUG	Resetting recommended pref places.semanticHistory.featureGate
1787600477974	RemoteAgent	DEBUG	Resetting recommended pref privacy.trackingprotection.enabled
1787600477974	RemoteAgent	DEBUG	Resetting recommended pref privacy.trackingprotection.pbmode.enabled
1787600477975	RemoteAgent	DEBUG	Resetting recommended pref remote.prefs.recommended.applied
1787600477975	RemoteAgent	DEBUG	Resetting recommended pref security.fileuri.strict_origin_policy
1787600477975	RemoteAgent	DEBUG	Resetting recommended pref security.notification_enable_delay
1787600477976	RemoteAgent	DEBUG	Resetting recommended pref security.remote_settings.intermediates.enabled
1787600477976	RemoteAgent	DEBUG	Resetting recommended pref security.webauthn.related_origin_requests_mode
1787600477976	RemoteAgent	DEBUG	Resetting recommended pref services.settings.loglevel
1787600477976	RemoteAgent	DEBUG	Resetting recommended pref signon.autofillForms
1787600477976	RemoteAgent	DEBUG	Resetting recommended pref signon.management.page.breach-alerts.enabled
1787600477976	RemoteAgent	DEBUG	Resetting recommended pref signon.management.page.vulnerable-passwords.enabled
1787600477977	RemoteAgent	DEBUG	Resetting recommended pref signon.rememberSignons
1787600477977	RemoteAgent	DEBUG	Resetting recommended pref termsofuse.bypassNotification
1787600477977	RemoteAgent	DEBUG	Resetting recommended pref toolkit.telemetry.server
1787600477977	RemoteAgent	DEBUG	Resetting recommended pref widget.windows.window_occlusion_tracking.enabled
1787600477977	RemoteAgent	DEBUG	Resetting recommended pref permissions.isolateBy.userContext
1787600478129	geckodriver::browser	DEBUG	Browser process stopped: exit status: 0
1787600478129	geckodriver::browser	DEBUG	Set MINIDUMP_SAVE_PATH to store crash minidumps.
1787600478139	webdriver::server	DEBUG	<- 200 OK {"value":null}
1787600478160	webdriver::server	INFO	Shutting down
1787600478160	webdriver::server	DEBUG	Quit signal received, tearing down session
1787600478160	webdriver::server	DEBUG	Teardown session
1787600496359	geckodriver	INFO	Listening on 127.0.0.1:33829
1787600496370	webdriver::server	DEBUG	-> POST /session {"capabilities": {"firstMatch": [{}], "alwaysMatch": {"browserName": "firefox", "acceptInsecureCerts": true, ... le-generator/auto-datfile-generator", "browser.helperApps.neverAsk.saveToDisk": "application/zip"}, "args": ["-headless"]}}}}
1787600496370	geckodriver::capabilities	DEBUG	Trying to read firefox version from ini files
1787600496370	geckodriver::capabilities	DEBUG	Found version 153.0.4
1787600496372	mozrunner::runner	INFO	Running command: MOZ_CRASHREPORTER="1" MOZ_CRASHREPORTER_NO_REPORT="1" MOZ_CRASHREPORTER_SHUTDOWN="1" "/usr/bin/firefox" "--m ... ss" "--remote-debugging-port" "55191" "--remote-allow-hosts" "localhost" "-no-remote" "-profile" "/tmp/rust_mozprofileKB9dVB"
1787600496372	geckodriver::marionette	DEBUG	Waiting 60s to connect to browser on 127.0.0.1
*** You are running in headless mode.
1787600496635	RemoteAgent	DEBUG	Setting recommended pref apz.axis_lock.mode to 0
1787600496635	RemoteAgent	DEBUG	Setting recommended pref apz.content_response_timeout to 60000
1787600496635	RemoteAgent	DEBUG	Setting recommended pref browser.backup.enabled to false
1787600496635	RemoteAgent	DEBUG	Setting recommended pref browser.contentblocking.introCount to 99
1787600496635	RemoteAgent	DEBUG	Setting recommended pref browser.discovery.enabled to false
1787600496635	RemoteAgent	DEBUG	Setting recommended pref browser.download.panel.shown to true
1787600496635	RemoteAgent	DEBUG	Setting recommended pref browser.http.blank_page_with_error_response.enabled to true
1787600496635	RemoteAgent	DEBUG	Setting recommended pref browser.ml.enable to false
1787600496635	RemoteAgent	DEBUG	Setting recommended pref browser.newtabpage.activity-stream.asrouter.userprefs.cfr.features to false
1787600496635	RemoteAgent	DEBUG	Setting recommended pref browser.newtabpage.activity-stream.testing.shouldInitializeFeeds to false
1787600496636	RemoteAgent	DEBUG	Setting recommended pref browser.newtabpage.activity-stream.showSponsoredTopSites to false
1787600496636	RemoteAgent	DEBUG	Setting recommended pref browser.pagethumbnails.capturing_disabled to true
1787600496636	RemoteAgent	DEBUG	Setting recommended pref browser.region.network.url to 
1787600496636	RemoteAgent	DEBUG	Setting recommended pref browser.safebrowsing.blockedURIs.enabled to false
1787600496636	RemoteAgent	DEBUG	Setting recommended pref browser.safebrowsing.downloads.enabled to false
1787600496636	RemoteAgent	DEBUG	Setting recommended pref browser.safebrowsing.malware.enabled to false
1787600496636	RemoteAgent	DEBUG	Setting recommended pref browser.safebrowsing.phishing.enabled to false
1787600496636	RemoteAgent	DEBUG	Setting recommended pref browser.search.update to false
1787600496636	RemoteAgent	DEBUG	Setting recommended pref browser.startup.couldRestoreSession.count to -1
1787600496636	RemoteAgent	DEBUG	Setting recommended pref browser.tabs.remote.unloadDelayMs to 0
1787600496636	RemoteAgent	DEBUG	Setting recommended pref browser.tabs.unloadOnLowMemory to false
1787600496636	RemoteAgent	DEBUG	Setting recommended pref browser.tabs.warnOnClose to false
1787600496636	RemoteAgent	DEBUG	Setting recommended pref browser.tabs.warnOnCloseOtherTabs to false
1787600496636	RemoteAgent	DEBUG	Setting recommended pref browser.tabs.warnOnOpen to false
1787600496636	RemoteAgent	DEBUG	Setting recommended pref browser.toolbars.bookmarks.visibility to never
1787600496636	RemoteAgent	DEBUG	Setting recommended pref browser.topsites.contile.enabled to false
1787600496636	RemoteAgent	DEBUG	Setting recommended pref browser.translations.enable to false
1787600496641	RemoteAgent	DEBUG	Setting recommended pref browser.usedOnWindows10.introURL to 
1787600496641	RemoteAgent	DEBUG	Setting recommended pref browser.urlbar.merino.endpointURL to 
1787600496641	RemoteAgent	DEBUG	Setting recommended pref browser.urlbar.merino.ohttpConfigURL to 
1787600496641	RemoteAgent	DEBUG	Setting recommended pref browser.urlbar.merino.ohttpRelayURL to 
1787600496641	RemoteAgent	DEBUG	Setting recommended pref browser.urlbar.suggest.searches to false
1787600496641	RemoteAgent	DEBUG	Setting recommended pref datareporting.policy.dataSubmissionPolicyAccepted to false
1787600496641	RemoteAgent	DEBUG	Setting recommended pref datareporting.usage.uploadEnabled to false
1787600496642	RemoteAgent	DEBUG	Setting recommended pref telemetry.fog.test.localhost_port to -1
1787600496642	RemoteAgent	DEBUG	Setting recommended pref dom.disable_open_during_load to false
1787600496642	RemoteAgent	DEBUG	Setting recommended pref dom.file.createInChild to true
1787600496642	RemoteAgent	DEBUG	Setting recommended pref dom.input_events.security.minNumTicks to 0
1787600496642	RemoteAgent	DEBUG	Setting recommended pref dom.input_events.security.minTimeElapsedInMS to 0
1787600496642	RemoteAgent	DEBUG	Setting recommended pref threads.lower_mainthread_priority_in_background.enabled to false
1787600496642	RemoteAgent	DEBUG	Setting recommended pref dom.ipc.processPriorityManager.enabled to false
1787600496642	RemoteAgent	DEBUG	Setting recommended pref dom.max_chrome_script_run_time to 0
1787600496642	RemoteAgent	DEBUG	Setting recommended pref dom.max_script_run_time to 0
1787600496642	RemoteAgent	DEBUG	Setting recommended pref dom.navigation.navigationRateLimit.count to 0
1787600496642	RemoteAgent	DEBUG	Setting recommended pref dom.permissions.testing.enabled to true
1787600496642	RemoteAgent	DEBUG	Setting recommended pref dom.push.connection.enabled to false
1787600496642	RemoteAgent	DEBUG	Setting recommended pref dom.screenorientation.allow-lock to true
1787600496642	RemoteAgent	DEBUG	Setting recommended pref dom.successive_dialog_time_limit to 0
1787600496642	RemoteAgent	DEBUG	Setting recommended pref extensions.formautofill.addresses.enabled to false
1787600496642	RemoteAgent	DEBUG	Setting recommended pref extensions.formautofill.creditCards.enabled to false
1787600496642	RemoteAgent	DEBUG	Setting recommended pref extensions.getAddons.cache.enabled to false
1787600496642	RemoteAgent	DEBUG	Setting recommended pref extensions.getAddons.discovery.api_url to data:, 
1787600496642	RemoteAgent	DEBUG	Setting recommended pref extensions.blocklist.detailsURL to http://%(server)s/extensions-dummy/blocklistDetailsURL
1787600496642	RemoteAgent	DEBUG	Setting recommended pref extensions.blocklist.itemURL to http://%(server)s/extensions-dummy/blocklistItemURL
1787600496642	RemoteAgent	DEBUG	Setting recommended pref extensions.hotfix.url to http://%(server)s/extensions-dummy/hotfixURL
1787600496642	RemoteAgent	DEBUG	Setting recommended pref extensions.systemAddon.update.enabled to false
1787600496642	RemoteAgent	DEBUG	Setting recommended pref extensions.update.background.url to http://%(server)s/extensions-dummy/updateBackgroundURL
1787600496642	RemoteAgent	DEBUG	Setting recommended pref extensions.update.url to http://%(server)s/extensions-dummy/updateURL
1787600496642	RemoteAgent	DEBUG	Setting recommended pref extensions.getAddons.get.url to http://%(server)s/extensions-dummy/repositoryGetURL
1787600496642	RemoteAgent	DEBUG	Setting recommended pref extensions.getAddons.search.browseURL to http://%(server)s/extensions-dummy/repositoryBrowseURL
1787600496642	RemoteAgent	DEBUG	Setting recommended pref geo.prompt.open_system_prefs to false
1787600496642	RemoteAgent	DEBUG	Setting recommended pref geo.provider.network.url to 
1787600496642	RemoteAgent	DEBUG	Setting recommended pref identity.fxaccounts.auth.uri to https://{server}/dummy/fxa
1787600496642	RemoteAgent	DEBUG	Setting recommended pref mousewheel.allow_scrolling_more_than_one_page to true
1787600496642	RemoteAgent	DEBUG	Setting recommended pref network.captive-portal-service.enabled to false
1787600496642	RemoteAgent	DEBUG	Setting recommended pref network.connectivity-service.enabled to false
1787600496642	RemoteAgent	DEBUG	Setting recommended pref network.http.prompt-temp-redirect to false
1787600496642	RemoteAgent	DEBUG	Setting recommended pref places.semanticHistory.featureGate to false
1787600496642	RemoteAgent	DEBUG	Setting recommended pref privacy.trackingprotection.enabled to false
1787600496642	RemoteAgent	DEBUG	Setting recommended pref privacy.trackingprotection.pbmode.enabled to false
1787600496642	RemoteAgent	DEBUG	Setting recommended pref remote.prefs.recommended.applied to true
1787600496642	RemoteAgent	DEBUG	Setting recommended pref security.fileuri.strict_origin_policy to false
1787600496642	RemoteAgent	DEBUG	Setting recommended pref security.notification_enable_delay to 0
1787600496642	RemoteAgent	DEBUG	Setting recommended pref security.remote_settings.intermediates.enabled to false
1787600496642	RemoteAgent	DEBUG	Setting recommended pref security.webauthn.related_origin_requests_mode to 1
1787600496642	RemoteAgent	DEBUG	Setting recommended pref services.settings.loglevel to off
1787600496643	RemoteAgent	DEBUG	Setting recommended pref signon.autofillForms to false
1787600496643	RemoteAgent	DEBUG	Setting recommended pref signon.management.page.breach-alerts.enabled to false
1787600496643	RemoteAgent	DEBUG	Setting recommended pref signon.management.page.vulnerable-passwords.enabled to false
1787600496643	RemoteAgent	DEBUG	Setting recommended pref signon.rememberSignons to false
1787600496643	RemoteAgent	DEBUG	Setting recommended pref termsofuse.bypassNotification to true
1787600496643	RemoteAgent	DEBUG	Setting recommended pref toolkit.telemetry.server to https://%(server)s/telemetry-dummy/
1787600496643	RemoteAgent	DEBUG	Setting recommended pref widget.windows.window_occlusion_tracking.enabled to false
1787600496643	RemoteAgent	DEBUG	WebDriver BiDi enabled
1787600496643	Marionette	INFO	Marionette enabled
1787600496745	Marionette	INFO	Listening on port 38103
1787600496747	Marionette	DEBUG	Marionette is listening
1787600496758	RemoteAgent	DEBUG	Setting recommended pref permissions.isolateBy.userContext to true
WebDriver BiDi listening on ws://127.0.0.1:55191
Read port: 38103
1787600496791	Marionette	DEBUG	Accepted connection 0 from 127.0.0.1:48806
1787600496814	geckodriver::marionette	DEBUG	Connection to Marionette established on 127.0.0.1:38103.
1787600496861	Marionette	DEBUG	0 -> [0,1,"WebDriver:NewSession",{"acceptInsecureCerts":true,"browserName":"firefox","pageLoadStrategy":"normal"}]
1787600496864	RemoteAgent	WARN	TLS certificate errors will be ignored for this session
1787600496874	Marionette	DEBUG	Waiting for initial application window
[GFX1-]: RenderCompositorSWGL failed mapping default framebuffer, no dt
console.warn: RSLoader: Recipe train-hop-co-enroll-pilot-to-beta-co-enrollment-1 not returned from collection nimbus-secure-experiments because it does not contain at least one required feature ID.
console.error: "Experiment desktop-release-rollout-show-relay-to-all-browsers-next-sign-up-modal-cta has unknown featureId: email-autocomplete-relay"
console.error: "Experiment visual-card-updates has unknown featureId: newtabRefinedCardsLayout"
console.error: "Experiment enable-nimbus-unenrollment-synchronization has unknown featureId: nimbusStore"
console.error: "Experiment private-window-visual-refresh-design-change-only has unknown featureId: feltPrivacy"
1787600498723	Marionette	DEBUG	0 <- [1,1,null,{"sessionId":"645cab15-1009-49a4-a586-149d04f47547","capabilities":{"acceptInsecureCerts":true,"browserName":"firefox","browserVersion":"153.0.4","platformName":"linux","setWindowRect":true,"unhandledPromptBehavior":"dismiss and notify","userAgent":"Mozilla/5.0 (X11; Linux x86_64; rv:153.0) Gecko/20100101 Firefox/153.0","moz:buildID":"20260810162159","moz:headless":true,"moz:platformVersion":"6.17.0-1022-azure","moz:processID":2812,"moz:profile":"/tmp/rust_mozprofileKB9dVB","moz:shutdownTimeout":60000,"pageLoadStrategy":"normal","timeouts":{"implicit":0,"pageLoad":300000,"script":30000},"strictFileInteractability":false,"moz:accessibilityChecks":false,"moz:webdriverClick":true,"moz:windowless":false,"proxy":{}}}]
1787600498729	webdriver::server	DEBUG	<- 200 OK {"value":{"sessionId":"645cab15-1009-49a4-a586-149d04f47547","capabilities":{"acceptInsecureCerts":true,"browserNam ... dPromptBehavior":"dismiss and notify","userAgent":"Mozilla/5.0 (X11; Linux x86_64; rv:153.0) Gecko/20100101 Firefox/153.0"}}}
1787600498730	webdriver::server	DEBUG	-> POST /session/645cab15-1009-49a4-a586-149d04f47547/timeouts {"implicit": 10000}
1787600498732	Marionette	DEBUG	0 -> [0,2,"WebDriver:SetTimeouts",{"implicit":10000}]
1787600498732	Marionette	DEBUG	0 <- [1,2,null,{"value":null}]
1787600498732	webdriver::server	DEBUG	<- 200 OK {"value":null}
1787600498734	webdriver::server	DEBUG	-> POST /session/645cab15-1009-49a4-a586-149d04f47547/url {"url": "https://datomatic.no-intro.org"}
1787600498735	Marionette	DEBUG	0 -> [0,3,"WebDriver:Navigate",{"url":"https://datomatic.no-intro.org"}]
1787600502114	Marionette	DEBUG	0 <- [1,3,null,{"value":null}]
1787600502117	webdriver::server	DEBUG	<- 200 OK {"value":null}
1787600502118	webdriver::server	DEBUG	-> POST /session/645cab15-1009-49a4-a586-149d04f47547/element {"using": "xpath", "value": "/html/body/div/header/nav/ul/li[3]/a"}
1787600502119	Marionette	DEBUG	0 -> [0,4,"WebDriver:FindElement",{"using":"xpath","value":"/html/body/div/header/nav/ul/li[3]/a"}]
1787600502131	Marionette	DEBUG	0 <- [1,4,null,{"value":{"element-6066-11e4-a52e-4f735466cecf":"c060d6f2-f278-4737-9b0b-0aeefaa3d0e9"}}]
1787600502132	webdriver::server	DEBUG	<- 200 OK {"value":{"element-6066-11e4-a52e-4f735466cecf":"c060d6f2-f278-4737-9b0b-0aeefaa3d0e9"}}
1787600502133	webdriver::server	DEBUG	-> POST /session/645cab15-1009-49a4-a586-149d04f47547/element/c060d6f2-f278-4737-9b0b-0aeefaa3d0e9/click {}
1787600502133	Marionette	DEBUG	0 -> [0,5,"WebDriver:ElementClick",{"id":"c060d6f2-f278-4737-9b0b-0aeefaa3d0e9"}]
console.warn: LoginRecipes: "Falling back to a synchronous message for: https://datomatic.no-intro.org."
console.warn: LoginRecipes: "Falling back to a synchronous message for: https://datomatic.no-intro.org."
console.warn: LoginRecipes: "Falling back to a synchronous message for: https://datomatic.no-intro.org."
1787600503793	Marionette	DEBUG	0 <- [1,5,null,{"value":null}]
1787600503795	webdriver::server	DEBUG	<- 200 OK {"value":null}
1787600503796	webdriver::server	DEBUG	-> POST /session/645cab15-1009-49a4-a586-149d04f47547/element {"using": "xpath", "value": "/html/body/div/header/table/tbody/tr/td/a[5]"}
1787600503797	Marionette	DEBUG	0 -> [0,6,"WebDriver:FindElement",{"using":"xpath","value":"/html/body/div/header/table/tbody/tr/td/a[5]"}]
1787600503799	Marionette	DEBUG	0 <- [1,6,null,{"value":{"element-6066-11e4-a52e-4f735466cecf":"12ee1d7b-1847-4429-a143-14fc4f7c8c83"}}]
1787600503799	webdriver::server	DEBUG	<- 200 OK {"value":{"element-6066-11e4-a52e-4f735466cecf":"12ee1d7b-1847-4429-a143-14fc4f7c8c83"}}
1787600503800	webdriver::server	DEBUG	-> POST /session/645cab15-1009-49a4-a586-149d04f47547/element/12ee1d7b-1847-4429-a143-14fc4f7c8c83/click {}
1787600503800	Marionette	DEBUG	0 -> [0,7,"WebDriver:ElementClick",{"id":"12ee1d7b-1847-4429-a143-14fc4f7c8c83"}]
console.warn: LoginRecipes: "Falling back to a synchronous message for: https://datomatic.no-intro.org."
console.warn: LoginRecipes: "Falling back to a synchronous message for: https://datomatic.no-intro.org."
1787600505295	Marionette	DEBUG	0 <- [1,7,null,{"value":null}]
1787600505296	webdriver::server	DEBUG	<- 200 OK {"value":null}
1787600505298	webdriver::server	DEBUG	-> POST /session/645cab15-1009-49a4-a586-149d04f47547/element {"using": "xpath", "value": "//input[@name='dat_type' and @value='pc']"}
1787600505298	Marionette	DEBUG	0 -> [0,8,"WebDriver:FindElement",{"using":"xpath","value":"//input[@name='dat_type' and @value='pc']"}]
1787600505300	Marionette	DEBUG	0 <- [1,8,null,{"value":{"element-6066-11e4-a52e-4f735466cecf":"c243dbc4-639c-4b2c-86e3-41456607f0fa"}}]
1787600505300	webdriver::server	DEBUG	<- 200 OK {"value":{"element-6066-11e4-a52e-4f735466cecf":"c243dbc4-639c-4b2c-86e3-41456607f0fa"}}
1787600505301	webdriver::server	DEBUG	-> POST /session/645cab15-1009-49a4-a586-149d04f47547/element/c243dbc4-639c-4b2c-86e3-41456607f0fa/click {}
1787600505301	Marionette	DEBUG	0 -> [0,9,"WebDriver:ElementClick",{"id":"c243dbc4-639c-4b2c-86e3-41456607f0fa"}]
console.warn: LoginRecipes: "Falling back to a synchronous message for: https://datomatic.no-intro.org."
console.warn: LoginRecipes: "Falling back to a synchronous message for: https://datomatic.no-intro.org."
console.warn: LoginRecipes: "Falling back to a synchronous message for: https://datomatic.no-intro.org."
1787600506845	Marionette	DEBUG	0 <- [1,9,null,{"value":null}]
1787600506846	webdriver::server	DEBUG	<- 200 OK {"value":null}
1787600506848	webdriver::server	DEBUG	-> POST /session/645cab15-1009-49a4-a586-149d04f47547/element {"using": "xpath", "value": "/html/body/div/section/article/div/form/input[4]"}
1787600506851	Marionette	DEBUG	0 -> [0,10,"WebDriver:FindElement",{"using":"xpath","value":"/html/body/div/section/article/div/form/input[4]"}]
1787600506852	Marionette	DEBUG	0 <- [1,10,null,{"value":{"element-6066-11e4-a52e-4f735466cecf":"78cb7847-822b-45bd-a1d5-4054f42354b6"}}]
1787600506852	webdriver::server	DEBUG	<- 200 OK {"value":{"element-6066-11e4-a52e-4f735466cecf":"78cb7847-822b-45bd-a1d5-4054f42354b6"}}
1787600506853	webdriver::server	DEBUG	-> POST /session/645cab15-1009-49a4-a586-149d04f47547/element/78cb7847-822b-45bd-a1d5-4054f42354b6/click {}
1787600506854	Marionette	DEBUG	0 -> [0,11,"WebDriver:ElementClick",{"id":"78cb7847-822b-45bd-a1d5-4054f42354b6"}]
console.warn: LoginRecipes: "Falling back to a synchronous message for: https://datomatic.no-intro.org."
console.warn: LoginRecipes: "Falling back to a synchronous message for: https://datomatic.no-intro.org."
console.warn: LoginRecipes: "Falling back to a synchronous message for: https://datomatic.no-intro.org."
1787600509890	Marionette	DEBUG	0 <- [1,11,null,{"value":null}]
1787600509892	webdriver::server	DEBUG	<- 200 OK {"value":null}
console.warn: BackupService: "There was an error while trying to get the Document's directory" [Exception... "Component returned failure code: 0x80004005 (NS_ERROR_FAILURE) [nsIProperties.get]"  nsresult: "0x80004005 (NS_ERROR_FAILURE)"  location: "JS frame :: resource:///modules/backup/BackupService.sys.mjs :: get docsDirFolderPath :: line 1299"  data: no]
JavaScript error: resource:///modules/backup/BackupService.sys.mjs, line 4380: NotAllowedError: PathUtils.join: PathUtils does not support empty paths
1787600514893	webdriver::server	DEBUG	-> POST /session/645cab15-1009-49a4-a586-149d04f47547/element {"using": "xpath", "value": "/html/body/div/section/article/div/form[2]/input"}
1787600514894	Marionette	DEBUG	0 -> [0,12,"WebDriver:FindElement",{"using":"xpath","value":"/html/body/div/section/article/div/form[2]/input"}]
1787600514897	Marionette	DEBUG	0 <- [1,12,null,{"value":{"element-6066-11e4-a52e-4f735466cecf":"bb8c0f91-1963-4d03-b87e-19dfe8b006cf"}}]
1787600514897	webdriver::server	DEBUG	<- 200 OK {"value":{"element-6066-11e4-a52e-4f735466cecf":"bb8c0f91-1963-4d03-b87e-19dfe8b006cf"}}
1787600514898	webdriver::server	DEBUG	-> POST /session/645cab15-1009-49a4-a586-149d04f47547/element/bb8c0f91-1963-4d03-b87e-19dfe8b006cf/click {}
1787600514898	Marionette	DEBUG	0 -> [0,13,"WebDriver:ElementClick",{"id":"bb8c0f91-1963-4d03-b87e-19dfe8b006cf"}]
console.warn: LoginRecipes: "Falling back to a synchronous message for: https://datomatic.no-intro.org."
console.warn: LoginRecipes: "Falling back to a synchronous message for: https://datomatic.no-intro.org."
console.warn: LoginRecipes: "Falling back to a synchronous message for: https://datomatic.no-intro.org."
console.warn: LoginRecipes: "Falling back to a synchronous message for: https://datomatic.no-intro.org."
[Parent 2812, Main Thread] WARNING: g_object_get: assertion 'G_IS_OBJECT (object)' failed: 'glib warning', file toolkit/xre/nsSigHandlers.cpp:200

(firefox:2812): GLib-GObject-CRITICAL **: 19:41:58.127: g_object_get: assertion 'G_IS_OBJECT (object)' failed
1787600520026	Marionette	DEBUG	0 <- [1,13,null,{"value":null}]
1787600520027	webdriver::server	DEBUG	<- 200 OK {"value":null}
1787600520029	webdriver::server	DEBUG	-> DELETE /session/645cab15-1009-49a4-a586-149d04f47547 
1787600520030	Marionette	DEBUG	0 -> [0,14,"Marionette:Quit",{"flags":["eForceQuit"]}]
1787600520031	Marionette	INFO	Stopped listening on port 38103
1787600520282	Marionette	DEBUG	0 <- [1,14,null,{"cause":"shutdown","forced":false,"in_app":true}]
1787600520301	Marionette	DEBUG	Marionette stopped listening
1787600520303	webdriver::server	DEBUG	Teardown session
1787600520308	Marionette	DEBUG	Closed connection 0
1787600520391	RemoteAgent	DEBUG	Resetting recommended pref apz.axis_lock.mode
1787600520392	RemoteAgent	DEBUG	Resetting recommended pref apz.content_response_timeout
1787600520392	RemoteAgent	DEBUG	Resetting recommended pref browser.backup.enabled
1787600520392	RemoteAgent	DEBUG	Resetting recommended pref browser.contentblocking.introCount
1787600520392	RemoteAgent	DEBUG	Resetting recommended pref browser.discovery.enabled
1787600520392	RemoteAgent	DEBUG	Resetting recommended pref browser.download.panel.shown
1787600520392	RemoteAgent	DEBUG	Resetting recommended pref browser.http.blank_page_with_error_response.enabled
1787600520392	RemoteAgent	DEBUG	Resetting recommended pref browser.ml.enable
JavaScript error: resource://gre/modules/PrivateBrowsingUtils.sys.mjs, line 50: TypeError: can't access property "QueryInterface", aWindow.docShell is null
1787600520393	RemoteAgent	DEBUG	Resetting recommended pref browser.newtabpage.activity-stream.asrouter.userprefs.cfr.features
1787600520393	RemoteAgent	DEBUG	Resetting recommended pref browser.newtabpage.activity-stream.testing.shouldInitializeFeeds
1787600520393	RemoteAgent	DEBUG	Resetting recommended pref browser.newtabpage.activity-stream.showSponsoredTopSites
1787600520393	RemoteAgent	DEBUG	Resetting recommended pref browser.pagethumbnails.capturing_disabled
1787600520393	RemoteAgent	DEBUG	Resetting recommended pref browser.region.network.url
1787600520393	RemoteAgent	DEBUG	Resetting recommended pref browser.safebrowsing.blockedURIs.enabled
1787600520397	RemoteAgent	DEBUG	Resetting recommended pref browser.safebrowsing.downloads.enabled
1787600520400	RemoteAgent	DEBUG	Resetting recommended pref browser.safebrowsing.malware.enabled
1787600520402	RemoteAgent	DEBUG	Resetting recommended pref browser.safebrowsing.phishing.enabled
1787600520405	RemoteAgent	DEBUG	Resetting recommended pref browser.search.update
1787600520405	RemoteAgent	DEBUG	Resetting recommended pref browser.startup.couldRestoreSession.count
1787600520405	RemoteAgent	DEBUG	Resetting recommended pref browser.tabs.remote.unloadDelayMs
1787600520405	RemoteAgent	DEBUG	Resetting recommended pref browser.tabs.unloadOnLowMemory
1787600520405	RemoteAgent	DEBUG	Resetting recommended pref browser.tabs.warnOnClose
1787600520405	RemoteAgent	DEBUG	Resetting recommended pref browser.tabs.warnOnCloseOtherTabs
1787600520405	RemoteAgent	DEBUG	Resetting recommended pref browser.tabs.warnOnOpen
1787600520405	RemoteAgent	DEBUG	Resetting recommended pref browser.toolbars.bookmarks.visibility
1787600520405	RemoteAgent	DEBUG	Resetting recommended pref browser.topsites.contile.enabled
1787600520405	RemoteAgent	DEBUG	Resetting recommended pref browser.translations.enable
1787600520405	RemoteAgent	DEBUG	Resetting recommended pref browser.usedOnWindows10.introURL
1787600520405	RemoteAgent	DEBUG	Resetting recommended pref browser.urlbar.merino.endpointURL
1787600520406	RemoteAgent	DEBUG	Resetting recommended pref browser.urlbar.merino.ohttpConfigURL
1787600520407	RemoteAgent	DEBUG	Resetting recommended pref browser.urlbar.merino.ohttpRelayURL
1787600520407	RemoteAgent	DEBUG	Resetting recommended pref browser.urlbar.suggest.searches
1787600520407	RemoteAgent	DEBUG	Resetting recommended pref datareporting.policy.dataSubmissionPolicyAccepted
1787600520407	RemoteAgent	DEBUG	Resetting recommended pref datareporting.usage.uploadEnabled
1787600520408	RemoteAgent	DEBUG	Resetting recommended pref telemetry.fog.test.localhost_port
1787600520408	RemoteAgent	DEBUG	Resetting recommended pref dom.disable_open_during_load
1787600520408	RemoteAgent	DEBUG	Resetting recommended pref dom.file.createInChild
1787600520408	RemoteAgent	DEBUG	Resetting recommended pref dom.input_events.security.minNumTicks
1787600520408	RemoteAgent	DEBUG	Resetting recommended pref dom.input_events.security.minTimeElapsedInMS
1787600520408	RemoteAgent	DEBUG	Resetting recommended pref threads.lower_mainthread_priority_in_background.enabled
1787600520408	RemoteAgent	DEBUG	Resetting recommended pref dom.ipc.processPriorityManager.enabled
1787600520408	RemoteAgent	DEBUG	Resetting recommended pref dom.max_chrome_script_run_time
1787600520408	RemoteAgent	DEBUG	Resetting recommended pref dom.max_script_run_time
1787600520408	RemoteAgent	DEBUG	Resetting recommended pref dom.navigation.navigationRateLimit.count
1787600520408	RemoteAgent	DEBUG	Resetting recommended pref dom.permissions.testing.enabled
1787600520408	RemoteAgent	DEBUG	Resetting recommended pref dom.push.connection.enabled
1787600520408	RemoteAgent	DEBUG	Resetting recommended pref dom.screenorientation.allow-lock
1787600520408	RemoteAgent	DEBUG	Resetting recommended pref dom.successive_dialog_time_limit
1787600520408	RemoteAgent	DEBUG	Resetting recommended pref extensions.formautofill.addresses.enabled
1787600520408	RemoteAgent	DEBUG	Resetting recommended pref extensions.formautofill.creditCards.enabled
1787600520409	RemoteAgent	DEBUG	Resetting recommended pref extensions.getAddons.cache.enabled
1787600520409	RemoteAgent	DEBUG	Resetting recommended pref extensions.getAddons.discovery.api_url
1787600520409	RemoteAgent	DEBUG	Resetting recommended pref extensions.blocklist.detailsURL
1787600520409	RemoteAgent	DEBUG	Resetting recommended pref extensions.blocklist.itemURL
1787600520409	RemoteAgent	DEBUG	Resetting recommended pref extensions.hotfix.url
1787600520409	RemoteAgent	DEBUG	Resetting recommended pref extensions.systemAddon.update.enabled
1787600520409	RemoteAgent	DEBUG	Resetting recommended pref extensions.update.background.url
1787600520409	RemoteAgent	DEBUG	Resetting recommended pref extensions.update.url
1787600520409	RemoteAgent	DEBUG	Resetting recommended pref extensions.getAddons.get.url
1787600520409	RemoteAgent	DEBUG	Resetting recommended pref extensions.getAddons.search.browseURL
1787600520409	RemoteAgent	DEBUG	Resetting recommended pref geo.prompt.open_system_prefs
1787600520409	RemoteAgent	DEBUG	Resetting recommended pref geo.provider.network.url
1787600520409	RemoteAgent	DEBUG	Resetting recommended pref identity.fxaccounts.auth.uri
1787600520409	RemoteAgent	DEBUG	Resetting recommended pref mousewheel.allow_scrolling_more_than_one_page
1787600520409	RemoteAgent	DEBUG	Resetting recommended pref network.captive-portal-service.enabled
1787600520409	RemoteAgent	DEBUG	Resetting recommended pref network.connectivity-service.enabled
1787600520409	RemoteAgent	DEBUG	Resetting recommended pref network.http.prompt-temp-redirect
1787600520410	RemoteAgent	DEBUG	Resetting recommended pref places.semanticHistory.featureGate
1787600520410	RemoteAgent	DEBUG	Resetting recommended pref privacy.trackingprotection.enabled
1787600520410	RemoteAgent	DEBUG	Resetting recommended pref privacy.trackingprotection.pbmode.enabled
1787600520411	RemoteAgent	DEBUG	Resetting recommended pref remote.prefs.recommended.applied
1787600520411	RemoteAgent	DEBUG	Resetting recommended pref security.fileuri.strict_origin_policy
1787600520411	RemoteAgent	DEBUG	Resetting recommended pref security.notification_enable_delay
1787600520411	RemoteAgent	DEBUG	Resetting recommended pref security.remote_settings.intermediates.enabled
1787600520411	RemoteAgent	DEBUG	Resetting recommended pref security.webauthn.related_origin_requests_mode
1787600520412	RemoteAgent	DEBUG	Resetting recommended pref services.settings.loglevel
1787600520412	RemoteAgent	DEBUG	Resetting recommended pref signon.autofillForms
1787600520412	RemoteAgent	DEBUG	Resetting recommended pref signon.management.page.breach-alerts.enabled
1787600520412	RemoteAgent	DEBUG	Resetting recommended pref signon.management.page.vulnerable-passwords.enabled
1787600520412	RemoteAgent	DEBUG	Resetting recommended pref signon.rememberSignons
1787600520413	RemoteAgent	DEBUG	Resetting recommended pref termsofuse.bypassNotification
1787600520413	RemoteAgent	DEBUG	Resetting recommended pref toolkit.telemetry.server
1787600520413	RemoteAgent	DEBUG	Resetting recommended pref widget.windows.window_occlusion_tracking.enabled
1787600520413	RemoteAgent	DEBUG	Resetting recommended pref permissions.isolateBy.userContext
1787600520503	geckodriver::browser	DEBUG	Browser process stopped: exit status: 0
1787600520503	geckodriver::browser	DEBUG	Set MINIDUMP_SAVE_PATH to store crash minidumps.
1787600520513	webdriver::server	DEBUG	<- 200 OK {"value":null}
1787600520515	webdriver::server	INFO	Shutting down
1787600520515	webdriver::server	DEBUG	Quit signal received, tearing down session
1787600520515	webdriver::server	DEBUG	Teardown session
